date,hub,college,gpu_pod_hours,cpu_gb_hours,gpu_usd,cpu_usd
2026-08-25,authoring,authoring,0.0,0.09,0.0,0.0016
2026-08-25,bcc,Berkeley CC,0.0,23.76,0.0,0.4164
2026-08-25,berea,Berea College,0.0,0.04,0.0,0.0008
2026-08-25,bmcc,"Borough of Manhattan Community College, CUNY",0.0,0.04,0.0,0.0008
2026-08-25,boise,Boise State University,0.0,16.96,0.0,0.2972
2026-08-25,carrollu,Carroll University,0.0,0.09,0.0,0.0016
2026-08-25,cau,Clarke Atlanta University,0.0,37.94,0.0,0.6649
2026-08-25,ccsf,Community College San Francisco,0.0,10.64,0.0,0.1864
2026-08-25,chabot,Chabot CC,0.0,0.04,0.0,0.0008
2026-08-25,chaffey,Chaffey College,0.0,0.87,0.0,0.0153
2026-08-25,clarku,Clark University,1.5,0.09,1.3293,0.0016
2026-08-25,cloud-county,Cloud County Community College,0.0,0.09,0.0,0.0016
2026-08-25,cra,Computing Research Association,0.0,0.04,0.0,0.0008
2026-08-25,csm,College of San Mateo,0.0,3.05,0.0,0.0535
2026-08-25,deanza,DeAnza College,0.0,0.04,0.0,0.0008
2026-08-25,elac,East LA College,0.0,0.02,0.0,0.0004
2026-08-25,elcamino,El Camino Community College,0.0,317.29,0.0,5.5609
2026-08-25,emich,Eastern Michigan University,2.92,0.63,2.5847,0.011
2026-08-25,epcc,El Paso Community College,0.0,0.18,0.0,0.0031
2026-08-25,etsu,East Tennessee State,0.0,0.54,0.0,0.0094
2026-08-25,evc,Evergreen Community College,0.0,1.64,0.0,0.0288
2026-08-25,fgcu,Florida Gulf Coast University,0.0,0.67,0.0,0.0118
2026-08-25,foothill,Foothill Community College,0.0,0.02,0.0,0.0004
2026-08-25,fresno,Fresno Community College,0.0,5.48,0.0,0.0961
2026-08-25,fullertoncc,Fullerton College,0.0,0.04,0.0,0.0008
2026-08-25,georgetown,George University,0.0,0.04,0.0,0.0008
2026-08-25,glendale,Glendale Community College,0.0,0.31,0.0,0.0055
2026-08-25,golden,Golden West College,0.0,0.07,0.0,0.0012
2026-08-25,gpu-demo,gpu-demo,0.0,4.29,0.0,0.0753
2026-08-25,gwu,George Washington University,0.0,123.65,0.0,2.1671
2026-08-25,hmc,Harvey Mudd College,0.0,0.04,0.0,0.0008
2026-08-25,howard,Howard University,0.0,0.54,0.0,0.0094
2026-08-25,humboldt,Cal Poly Humboldt,0.0,20.0,0.0,0.3505
2026-08-25,kean,Kean University,0.0,0.18,0.0,0.0031
2026-08-25,lacc,Los Angeles Community College,0.0,0.02,0.0,0.0004
2026-08-25,laney,Laney Community College,0.0,16.91,0.0,0.2964
2026-08-25,lavc,LA Valley College,0.0,0.02,0.0,0.0004
2026-08-25,lbcc,Long Beach Community College,0.0,0.47,0.0,0.0082
2026-08-25,maine,University of Maine,0.0,0.47,0.0,0.0082
2026-08-25,mendocino,Mendocino College,0.0,0.02,0.0,0.0004
2026-08-25,merritt,Merritt College,0.0,0.07,0.0,0.0012
2026-08-25,miracosta,MiraCosta College,0.0,2.55,0.0,0.0447
2026-08-25,mission,Mission College,0.0,0.07,0.0,0.0012
2026-08-25,monmouth,Monmouth University,0.0,0.09,0.0,0.0016
2026-08-25,moreno,Moreno Community College,0.0,4.6,0.0,0.0806
2026-08-25,nicc,Northeast Iowa Community College,0.0,0.09,0.0,0.0016
2026-08-25,norco,Norco Community College,0.0,0.45,0.0,0.0078
2026-08-25,nova,Nova SouthEastern University,0.0,17.99,0.0,0.3152
2026-08-25,ocu,Oakland City University,0.0,0.58,0.0,0.0102
2026-08-25,orangecoast,Orange Coast College,0.0,0.09,0.0,0.0016
2026-08-25,ornl,Oak Ridge National Laboratory,0.0,0.04,0.0,0.0008
2026-08-25,palomar,Palomar Community College,0.0,0.02,0.0,0.0004
2026-08-25,pasadena,Pasadena Community College,0.0,28.19,0.0,0.494
2026-08-25,psu,Pennsylvania State University,0.0,1.16,0.0,0.0204
2026-08-25,reedley,Reedley Community College,0.0,0.07,0.0,0.0012
2026-08-25,saddleback,SaddleBack Community College,0.0,5.0,0.0,0.0876
2026-08-25,santiago,Santiago Canyon College,0.0,1.58,0.0,0.0276
2026-08-25,sbcc,Santa Barbara City College,0.0,17.65,0.0,0.3093
2026-08-25,sierra,Sierra Community College,0.0,9.91,0.0,0.1737
2026-08-25,skyline,Skyline Community College,0.0,23.76,0.0,0.4164
2026-08-25,spelman,Spelman College,0.0,13.93,0.0,0.2441
2026-08-25,srjc,Santa Rosa Junior College,0.0,36.31,0.0,0.6363
2026-08-25,staging,staging,0.0,0.13,0.0,0.0024
2026-08-25,toledo,University of Toledo,0.0,0.04,0.0,0.0008
2026-08-25,uams,University of Arkansas for Medical Sciences,0.0,5.91,0.0,0.1035
2026-08-25,umd,University of Maryland,0.0,0.27,0.0,0.0047
2026-08-25,unc-chapel-hill,University of North Carolina at Chapel Hill,0.0,1124.57,0.0,19.7094
2026-08-25,uncw,University of North Carolina at Wilmington,0.0,0.04,0.0,0.0008
2026-08-25,uta,University of Texas at Arlington,0.0,0.47,0.0,0.0082
2026-08-25,utpb,University of Texas at Permian Basin,0.0,0.09,0.0,0.0016
2026-08-25,uwyo,University of Wyoming,0.0,0.18,0.0,0.0031
2026-08-25,virginia,University of Virginia,0.0,0.03,0.0,0.0006
2026-08-25,whitman,Whitman College,0.0,0.09,0.0,0.0016
2026-08-25,york,"York College, CUNY",0.0,0.09,0.0,0.0016
2026-08-26,bcc,Berkeley CC,0.0,33.12,0.0,0.736
2026-08-26,boise,Boise State University,0.0,16.55,0.0,0.3679
2026-08-26,cau,Clarke Atlanta University,0.0,9.31,0.0,0.2068
2026-08-26,ccsf,Community College San Francisco,0.0,8.56,0.0,0.1901
2026-08-26,clarku,Clark University,5.58,0.36,4.6386,0.008
2026-08-26,csm,College of San Mateo,0.0,3.12,0.0,0.0693
2026-08-26,elcamino,El Camino Community College,0.0,238.91,0.0,5.3091
2026-08-26,emich,Eastern Michigan University,0.0,0.04,0.0,0.001
2026-08-26,etsu,East Tennessee State,0.0,0.18,0.0,0.004
2026-08-26,evc,Evergreen Community College,0.0,4.93,0.0,0.1096
2026-08-26,fresno,Fresno Community College,0.0,5.46,0.0,0.1213
2026-08-26,gssm,Governors School of Science and Math,0.0,0.03,0.0,0.0007
2026-08-26,gwu,George Washington University,0.0,193.78,0.0,4.3062
2026-08-26,hmc,Harvey Mudd College,0.0,0.04,0.0,0.001
2026-08-26,humboldt,Cal Poly Humboldt,0.0,17.4,0.0,0.3868
2026-08-26,laney,Laney Community College,0.0,35.57,0.0,0.7904
2026-08-26,lbcc,Long Beach Community College,0.0,0.03,0.0,0.0007
2026-08-26,maine,University of Maine,0.0,5.4,0.0,0.1201
2026-08-26,miracosta,MiraCosta College,0.0,11.95,0.0,0.2655
2026-08-26,moreno,Moreno Community College,0.0,23.29,0.0,0.5175
2026-08-26,norco,Norco Community College,0.0,0.87,0.0,0.0194
2026-08-26,nova,Nova SouthEastern University,0.0,5.15,0.0,0.1143
2026-08-26,ocu,Oakland City University,0.0,0.04,0.0,0.001
2026-08-26,pasadena,Pasadena Community College,0.0,16.21,0.0,0.3602
2026-08-26,psu,Pennsylvania State University,0.0,2.64,0.0,0.0587
2026-08-26,redwoods,College of the Redwoods,0.0,0.03,0.0,0.0007
2026-08-26,saddleback,SaddleBack Community College,0.0,7.58,0.0,0.1685
2026-08-26,santiago,Santiago Canyon College,0.0,1.17,0.0,0.0261
2026-08-26,sbcc,Santa Barbara City College,0.0,27.6,0.0,0.6134
2026-08-26,shasta,Shasta College,0.0,0.04,0.0,0.001
2026-08-26,sierra,Sierra Community College,0.0,15.3,0.0,0.34
2026-08-26,skyline,Skyline Community College,0.0,53.92,0.0,1.1983
2026-08-26,sou,Southern Oregon University,0.0,2.42,0.0,0.0537
2026-08-26,spelman,Spelman College,0.0,0.47,0.0,0.0104
2026-08-26,srjc,Santa Rosa Junior College,0.0,23.39,0.0,0.5197
2026-08-26,toledo,University of Toledo,0.0,0.04,0.0,0.001
2026-08-26,uams,University of Arkansas for Medical Sciences,0.0,6.85,0.0,0.1521
2026-08-26,umd,University of Maryland,0.0,0.09,0.0,0.002
2026-08-26,unc-chapel-hill,University of North Carolina at Chapel Hill,0.0,2442.23,0.0,54.2726
2026-08-26,whitman,Whitman College,0.0,6.17,0.0,0.1372
2026-08-27,authoring,authoring,0.0,0.09,0.0,0.0016
2026-08-27,bcc,Berkeley CC,0.0,9.46,0.0,0.1648
2026-08-27,berea,Berea College,0.0,0.18,0.0,0.0031
2026-08-27,boise,Boise State University,0.0,17.76,0.0,0.3094
2026-08-27,carrollu,Carroll University,0.0,0.04,0.0,0.0008
2026-08-27,cau,Clarke Atlanta University,0.0,0.36,0.0,0.0062
2026-08-27,ccsf,Community College San Francisco,0.0,5.23,0.0,0.0912
2026-08-27,chabot,Chabot CC,0.0,0.04,0.0,0.0008
2026-08-27,chaffey,Chaffey College,0.0,0.07,0.0,0.0012
2026-08-27,chicagostate,Chicago State University,0.0,0.04,0.0,0.0008
2026-08-27,clarku,Clark University,16.83,0.98,55.916,0.0171
2026-08-27,cloud-county,Cloud County Community College,0.0,0.13,0.0,0.0023
2026-08-27,cmu,Carnegie Mellon University,0.0,0.04,0.0,0.0008
2026-08-27,csm,College of San Mateo,0.0,16.04,0.0,0.2794
2026-08-27,demo,demo,0.0,0.04,0.0,0.0008
2026-08-27,elac,East LA College,0.0,0.02,0.0,0.0004
2026-08-27,elcamino,El Camino Community College,0.0,508.15,0.0,8.8525
2026-08-27,emich,Eastern Michigan University,0.67,0.0,2.2145,0.0
2026-08-27,epcc,El Paso Community College,0.0,0.04,0.0,0.0008
2026-08-27,etsu,East Tennessee State,0.0,0.54,0.0,0.0094
2026-08-27,evc,Evergreen Community College,0.0,6.95,0.0,0.121
2026-08-27,fgcu,Florida Gulf Coast University,0.0,0.45,0.0,0.0078
2026-08-27,foothill,Foothill Community College,0.0,0.02,0.0,0.0004
2026-08-27,fresno,Fresno Community College,0.0,3.58,0.0,0.0624
2026-08-27,fullertoncc,Fullerton College,0.0,0.04,0.0,0.0008
2026-08-27,georgetown,George University,0.0,0.04,0.0,0.0008
2026-08-27,golden,Golden West College,0.0,0.1,0.0,0.0018
2026-08-27,gpu-demo,gpu-demo,0.0,3.22,0.0,0.0561
2026-08-27,gssm,Governors School of Science and Math,0.0,0.1,0.0,0.0018
2026-08-27,gwu,George Washington University,0.0,80.7,0.0,1.4059
2026-08-27,high,High School,0.0,0.13,0.0,0.0023
2026-08-27,hmc,Harvey Mudd College,0.0,0.04,0.0,0.0008
2026-08-27,howard,Howard University,0.0,0.03,0.0,0.0006
2026-08-27,humboldt,Cal Poly Humboldt,0.0,6.93,0.0,0.1208
2026-08-27,iit,Illinois Institute of Technology,0.0,0.04,0.0,0.0008
2026-08-27,ivytech,Ivy Tech Community College of Indiana,0.0,0.13,0.0,0.0023
2026-08-27,kean,Kean University,0.0,0.04,0.0,0.0008
2026-08-27,lacc,Los Angeles Community College,0.0,0.02,0.0,0.0004
2026-08-27,lahc,Los Angeles Harbor College,0.0,0.02,0.0,0.0004
2026-08-27,laney,Laney Community College,0.0,20.69,0.0,0.3605
2026-08-27,lavc,LA Valley College,0.0,0.07,0.0,0.0012
2026-08-27,lbcc,Long Beach Community College,0.0,0.03,0.0,0.0006
2026-08-27,maine,University of Maine,0.0,0.44,0.0,0.0076
2026-08-27,merced,Merced College,0.0,0.03,0.0,0.0006
2026-08-27,merritt,Merritt College,0.0,0.07,0.0,0.0012
2026-08-27,miracosta,MiraCosta College,0.0,6.64,0.0,0.1157
2026-08-27,mission,Mission College,0.0,0.03,0.0,0.0006
2026-08-27,mmc,Meharry Medical College,0.0,0.04,0.0,0.0008
2026-08-27,moreno,Moreno Community College,0.0,4.43,0.0,0.0772
2026-08-27,norco,Norco Community College,0.0,2.06,0.0,0.0359
2026-08-27,nova,Nova SouthEastern University,0.0,1.16,0.0,0.0203
2026-08-27,ocu,Oakland City University,0.0,0.13,0.0,0.0023
2026-08-27,oit,Oregon Institute of Technology,0.0,0.18,0.0,0.0031
2026-08-27,orangecoast,Orange Coast College,0.0,0.04,0.0,0.0008
2026-08-27,pasadena,Pasadena Community College,0.0,26.31,0.0,0.4583
2026-08-27,psu,Pennsylvania State University,0.0,11.95,0.0,0.2081
2026-08-27,redwoods,College of the Redwoods,0.0,0.1,0.0,0.0018
2026-08-27,reedley,Reedley Community College,0.0,0.03,0.0,0.0006
2026-08-27,riohondo,Rio Hondo Community College,0.0,0.07,0.0,0.0012
2026-08-27,saddleback,SaddleBack Community College,0.0,9.16,0.0,0.1596
2026-08-27,santiago,Santiago Canyon College,0.0,2.15,0.0,0.0374
2026-08-27,sbcc,Santa Barbara City College,0.0,13.87,0.0,0.2416
2026-08-27,shasta,Shasta College,0.0,0.13,0.0,0.0023
2026-08-27,sierra,Sierra Community College,0.0,7.52,0.0,0.1309
2026-08-27,sjcc,San Jose Community College,0.0,0.07,0.0,0.0012
2026-08-27,skyline,Skyline Community College,0.0,9.19,0.0,0.1602
2026-08-27,smc,Santa Monica College,0.0,0.09,0.0,0.0016
2026-08-27,sou,Southern Oregon University,0.0,2.18,0.0,0.038
2026-08-27,spelman,Spelman College,0.0,5.6,0.0,0.0976
2026-08-27,srjc,Santa Rosa Junior College,0.0,34.46,0.0,0.6003
2026-08-27,staging,staging,0.0,0.44,0.0,0.0076
2026-08-27,tiffin,Tiffin University,0.0,2.15,0.0,0.0374
2026-08-27,toledo,University of Toledo,0.0,0.09,0.0,0.0016
2026-08-27,tuskegee,Tuskegee University,0.0,0.04,0.0,0.0008
2026-08-27,uams,University of Arkansas for Medical Sciences,0.0,3.0,0.0,0.0522
2026-08-27,umd,University of Maryland,0.0,0.18,0.0,0.0031
2026-08-27,unc-chapel-hill,University of North Carolina at Chapel Hill,0.0,1376.36,0.0,23.9777
2026-08-27,uncw,University of North Carolina at Wilmington,0.0,0.09,0.0,0.0016
2026-08-27,und,University of North Dakota,0.0,0.13,0.0,0.0023
2026-08-27,uta,University of Texas at Arlington,0.0,1.04,0.0,0.0181
2026-08-27,utpb,University of Texas at Permian Basin,0.0,0.09,0.0,0.0016
2026-08-27,uwyo,University of Wyoming,0.0,0.18,0.0,0.0031
2026-08-27,wcu,Western Carolina University,0.0,0.09,0.0,0.0016
2026-08-27,weber,Weber State University,0.0,0.13,0.0,0.0023
2026-08-27,whitman,Whitman College,0.0,4.92,0.0,0.0857
2026-08-27,willamette,Willamette University,0.0,0.22,0.0,0.0039
2026-08-27,york,"York College, CUNY",0.0,0.04,0.0,0.0008
2026-08-28,bcc,Berkeley CC,0.0,11.27,0.0,0.2808
2026-08-28,boise,Boise State University,0.0,14.32,0.0,0.3565
2026-08-28,ccsf,Community College San Francisco,0.0,10.54,0.0,0.2624
2026-08-28,clarku,Clark University,20.08,0.67,13.3364,0.0167
2026-08-28,csm,College of San Mateo,0.0,7.65,0.0,0.1905
2026-08-28,elcamino,El Camino Community College,0.0,42.68,0.0,1.0629
2026-08-28,emich,Eastern Michigan University,0.0,0.67,0.0,0.0167
2026-08-28,evc,Evergreen Community College,0.0,7.85,0.0,0.1955
2026-08-28,fresno,Fresno Community College,0.0,5.06,0.0,0.1259
2026-08-28,gwu,George Washington University,0.0,25.47,0.0,0.6342
2026-08-28,humboldt,Cal Poly Humboldt,0.0,8.72,0.0,0.2173
2026-08-28,laney,Laney Community College,0.0,6.91,0.0,0.1721
2026-08-28,maine,University of Maine,0.0,2.08,0.0,0.0518
2026-08-28,miracosta,MiraCosta College,0.0,1.1,0.0,0.0273
2026-08-28,moreno,Moreno Community College,0.0,4.7,0.0,0.117
2026-08-28,norco,Norco Community College,0.0,0.85,0.0,0.0212
2026-08-28,pasadena,Pasadena Community College,0.0,31.27,0.0,0.7788
2026-08-28,saddleback,SaddleBack Community College,0.0,16.14,0.0,0.4019
2026-08-28,santiago,Santiago Canyon College,0.0,10.7,0.0,0.2666
2026-08-28,sbcc,Santa Barbara City College,0.0,2.46,0.0,0.0613
2026-08-28,sierra,Sierra Community College,0.0,15.95,0.0,0.3972
2026-08-28,skyline,Skyline Community College,0.0,2.62,0.0,0.0652
2026-08-28,spelman,Spelman College,0.0,1.91,0.0,0.0476
2026-08-28,srjc,Santa Rosa Junior College,0.0,19.06,0.0,0.4746
2026-08-28,uams,University of Arkansas for Medical Sciences,0.0,0.72,0.0,0.0178
2026-08-28,unc-chapel-hill,University of North Carolina at Chapel Hill,0.0,1947.05,0.0,48.4862
2026-08-28,york,"York College, CUNY",0.0,1.07,0.0,0.0267
2026-08-29,authoring,authoring,0.0,0.04,0.0,0.0013
2026-08-29,bcc,Berkeley CC,0.0,11.68,0.0,0.3485
2026-08-29,berea,Berea College,0.0,0.09,0.0,0.0027
2026-08-29,bmcc,"Borough of Manhattan Community College, CUNY",0.0,0.04,0.0,0.0013
2026-08-29,boise,Boise State University,0.0,10.74,0.0,0.3204
2026-08-29,cau,Clarke Atlanta University,0.0,0.72,0.0,0.0214
2026-08-29,ccsf,Community College San Francisco,0.0,0.5,0.0,0.015
2026-08-29,chabot,Chabot CC,0.0,0.04,0.0,0.0013
2026-08-29,chicagostate,Chicago State University,0.0,0.04,0.0,0.0013
2026-08-29,clarku,Clark University,1.33,1.74,1.7396,0.0521
2026-08-29,cloud-county,Cloud County Community College,0.0,0.04,0.0,0.0013
2026-08-29,cmu,Carnegie Mellon University,0.0,0.09,0.0,0.0027
2026-08-29,cra,Computing Research Association,0.0,0.04,0.0,0.0013
2026-08-29,csm,College of San Mateo,0.0,5.27,0.0,0.1572
2026-08-29,demo,demo,0.0,0.09,0.0,0.0027
2026-08-29,elcamino,El Camino Community College,0.0,76.5,0.0,2.283
2026-08-29,emich,Eastern Michigan University,0.0,1.74,0.0,0.0521
2026-08-29,etsu,East Tennessee State,0.0,0.36,0.0,0.0107
2026-08-29,evc,Evergreen Community College,0.0,10.54,0.0,0.3144
2026-08-29,fgcu,Florida Gulf Coast University,0.0,1.74,0.0,0.0521
2026-08-29,fresno,Fresno Community College,0.0,5.03,0.0,0.1502
2026-08-29,fullertoncc,Fullerton College,0.0,0.04,0.0,0.0013
2026-08-29,georgetown,George University,0.0,0.04,0.0,0.0013
2026-08-29,golden,Golden West College,0.0,0.03,0.0,0.001
2026-08-29,gpu-demo,gpu-demo,1.0,1.74,1.3047,0.0521
2026-08-29,gssm,Governors School of Science and Math,0.0,0.03,0.0,0.001
2026-08-29,gwu,George Washington University,0.0,10.74,0.0,0.3204
2026-08-29,high,High School,0.0,0.27,0.0,0.008
2026-08-29,hmc,Harvey Mudd College,0.0,0.09,0.0,0.0027
2026-08-29,howard,Howard University,0.0,0.03,0.0,0.001
2026-08-29,humboldt,Cal Poly Humboldt,0.0,0.81,0.0,0.024
2026-08-29,ivytech,Ivy Tech Community College of Indiana,0.0,0.13,0.0,0.004
2026-08-29,kean,Kean University,0.0,0.09,0.0,0.0027
2026-08-29,lacc,Los Angeles Community College,0.0,1.97,0.0,0.0587
2026-08-29,lahc,Los Angeles Harbor College,0.0,0.04,0.0,0.0013
2026-08-29,laney,Laney Community College,0.0,0.69,0.0,0.0207
2026-08-29,lavc,LA Valley College,0.0,0.04,0.0,0.0013
2026-08-29,maine,University of Maine,0.0,0.07,0.0,0.002
2026-08-29,mendocino,Mendocino College,0.0,0.02,0.0,0.0007
2026-08-29,merced,Merced College,0.0,0.07,0.0,0.002
2026-08-29,merritt,Merritt College,0.0,0.07,0.0,0.002
2026-08-29,miracosta,MiraCosta College,0.0,0.36,0.0,0.0107
2026-08-29,mission,Mission College,0.0,0.07,0.0,0.002
2026-08-29,monmouth,Monmouth University,0.0,0.09,0.0,0.0027
2026-08-29,moreno,Moreno Community College,0.0,5.57,0.0,0.1662
2026-08-29,nicc,Northeast Iowa Community College,0.0,0.09,0.0,0.0027
2026-08-29,norco,Norco Community College,0.0,0.45,0.0,0.0134
2026-08-29,nova,Nova SouthEastern University,0.0,0.09,0.0,0.0027
2026-08-29,oit,Oregon Institute of Technology,0.0,1.74,0.0,0.0521
2026-08-29,orangecoast,Orange Coast College,0.0,0.04,0.0,0.0013
2026-08-29,ornl,Oak Ridge National Laboratory,0.0,0.09,0.0,0.0027
2026-08-29,pasadena,Pasadena Community College,0.0,25.74,0.0,0.768
2026-08-29,psu,Pennsylvania State University,0.0,1.39,0.0,0.0414
2026-08-29,redwoods,College of the Redwoods,0.0,0.1,0.0,0.003
2026-08-29,reedley,Reedley Community College,0.0,0.07,0.0,0.002
2026-08-29,ric,Rhode Island College,0.0,0.54,0.0,0.016
2026-08-29,saddleback,SaddleBack Community College,0.0,20.0,0.0,0.5968
2026-08-29,santiago,Santiago Canyon College,0.0,4.19,0.0,0.1252
2026-08-29,sbcc,Santa Barbara City College,0.0,1.03,0.0,0.0307
2026-08-29,sierra,Sierra Community College,0.0,11.14,0.0,0.3324
2026-08-29,sjcc,San Jose Community College,0.0,0.02,0.0,0.0007
2026-08-29,skyline,Skyline Community College,0.0,14.53,0.0,0.4336
2026-08-29,smc,Santa Monica College,0.0,0.04,0.0,0.0013
2026-08-29,spelman,Spelman College,0.0,3.66,0.0,0.1091
2026-08-29,srjc,Santa Rosa Junior College,0.0,8.69,0.0,0.2593
2026-08-29,staging,staging,0.0,0.1,0.0,0.003
2026-08-29,toledo,University of Toledo,0.0,0.13,0.0,0.004
2026-08-29,tuskegee,Tuskegee University,0.0,0.04,0.0,0.0013
2026-08-29,umd,University of Maryland,0.0,0.27,0.0,0.008
2026-08-29,unc-chapel-hill,University of North Carolina at Chapel Hill,0.0,343.6,0.0,10.2534
2026-08-29,uncw,University of North Carolina at Wilmington,0.0,0.09,0.0,0.0027
2026-08-29,uta,University of Texas at Arlington,0.0,0.6,0.0,0.018
2026-08-29,uwyo,University of Wyoming,0.0,0.36,0.0,0.0107
2026-08-29,virginia,University of Virginia,0.0,0.07,0.0,0.002
2026-08-29,wcu,Western Carolina University,0.0,0.04,0.0,0.0013
2026-08-29,whitman,Whitman College,0.0,0.18,0.0,0.0053
2026-08-29,willamette,Willamette University,0.0,0.09,0.0,0.0027
2026-08-29,wlac,West LA College,0.0,0.02,0.0,0.0007
2026-08-30,bcc,Berkeley CC,0.0,3.12,0.0,0.0553
2026-08-30,boise,Boise State University,0.0,25.46,0.0,0.4508
2026-08-30,ccsf,Community College San Francisco,0.0,1.88,0.0,0.0333
2026-08-30,csm,College of San Mateo,0.0,1.28,0.0,0.0226
2026-08-30,deanza,DeAnza College,0.0,0.02,0.0,0.0004
2026-08-30,demo,demo,0.0,0.04,0.0,0.0008
2026-08-30,elcamino,El Camino Community College,0.0,90.46,0.0,1.602
2026-08-30,emich,Eastern Michigan University,0.0,0.04,0.0,0.0008
2026-08-30,epcc,El Paso Community College,0.5,0.09,7.1757,0.0016
2026-08-30,evc,Evergreen Community College,0.0,5.34,0.0,0.0945
2026-08-30,fresno,Fresno Community College,0.0,9.06,0.0,0.1604
2026-08-30,fullertoncc,Fullerton College,0.0,0.09,0.0,0.0016
2026-08-30,georgetown,George University,0.0,0.09,0.0,0.0016
2026-08-30,glendale,Glendale Community College,0.0,0.4,0.0,0.0071
2026-08-30,gpu-demo,gpu-demo,0.0,0.81,0.0,0.0143
2026-08-30,gwu,George Washington University,0.0,31.47,0.0,0.5574
2026-08-30,humboldt,Cal Poly Humboldt,0.0,3.62,0.0,0.0642
2026-08-30,lacc,Los Angeles Community College,0.0,0.04,0.0,0.0008
2026-08-30,laney,Laney Community College,0.0,3.24,0.0,0.0574
2026-08-30,lbcc,Long Beach Community College,0.0,11.84,0.0,0.2098
2026-08-30,maine,University of Maine,0.0,0.07,0.0,0.0012
2026-08-30,merced,Merced College,0.0,0.03,0.0,0.0006
2026-08-30,miracosta,MiraCosta College,0.0,0.89,0.0,0.0158
2026-08-30,moreno,Moreno Community College,0.0,2.58,0.0,0.0458
2026-08-30,norco,Norco Community College,0.0,3.09,0.0,0.0547
2026-08-30,nova,Nova SouthEastern University,0.0,0.04,0.0,0.0008
2026-08-30,pasadena,Pasadena Community College,0.0,54.73,0.0,0.9692
2026-08-30,psu,Pennsylvania State University,0.0,2.37,0.0,0.042
2026-08-30,saddleback,SaddleBack Community College,0.0,52.88,0.0,0.9365
2026-08-30,santiago,Santiago Canyon College,0.0,10.94,0.0,0.1937
2026-08-30,sbcc,Santa Barbara City College,0.0,3.91,0.0,0.0693
2026-08-30,shasta,Shasta College,0.0,0.04,0.0,0.0008
2026-08-30,sierra,Sierra Community College,0.0,6.76,0.0,0.1196
2026-08-30,skyline,Skyline Community College,0.0,12.25,0.0,0.2169
2026-08-30,spelman,Spelman College,0.0,4.53,0.0,0.0802
2026-08-30,srjc,Santa Rosa Junior College,0.0,5.2,0.0,0.0921
2026-08-30,tntech,Tennessee Technological University,0.0,0.04,0.0,0.0008
2026-08-30,uams,University of Arkansas for Medical Sciences,0.0,3.22,0.0,0.057
2026-08-30,umd,University of Maryland,0.0,0.09,0.0,0.0016
2026-08-30,unc-chapel-hill,University of North Carolina at Chapel Hill,0.0,652.12,0.0,11.5483
2026-08-30,uta,University of Texas at Arlington,0.0,0.54,0.0,0.0095
2026-08-30,utpb,University of Texas at Permian Basin,0.0,0.04,0.0,0.0008
2026-08-30,uwyo,University of Wyoming,0.0,0.36,0.0,0.0063
2026-08-30,wcu,Western Carolina University,0.0,0.04,0.0,0.0008
2026-08-30,whitman,Whitman College,0.0,0.09,0.0,0.0016
2026-08-31,bcc,Berkeley CC,0.0,66.61,0.0,1.233
2026-08-31,boise,Boise State University,0.0,40.22,0.0,0.7445
2026-08-31,ccsf,Community College San Francisco,0.0,28.79,0.0,0.5329
2026-08-31,clarku,Clark University,13.75,0.0,9.8767,0.0
2026-08-31,cmu,Carnegie Mellon University,0.83,0.0,0.5986,0.0
2026-08-31,csm,College of San Mateo,0.0,6.38,0.0,0.118
2026-08-31,elcamino,El Camino Community College,0.0,99.86,0.0,1.8485
2026-08-31,epcc,El Paso Community College,0.0,2.64,0.0,0.0489
2026-08-31,evc,Evergreen Community College,0.0,9.43,0.0,0.1745
2026-08-31,fresno,Fresno Community College,0.0,20.71,0.0,0.3834
2026-08-31,glendale,Glendale Community College,0.0,30.65,0.0,0.5673
2026-08-31,gpu-demo,gpu-demo,0.25,1.83,0.1796,0.034
2026-08-31,gwu,George Washington University,0.0,125.33,0.0,2.3199
2026-08-31,humboldt,Cal Poly Humboldt,0.0,29.3,0.0,0.5425
2026-08-31,lacc,Los Angeles Community College,0.0,10.47,0.0,0.1938
2026-08-31,laney,Laney Community College,0.0,13.65,0.0,0.2526
2026-08-31,lbcc,Long Beach Community College,0.0,13.99,0.0,0.259
2026-08-31,maine,University of Maine,0.0,2.55,0.0,0.0472
2026-08-31,miracosta,MiraCosta College,0.0,11.77,0.0,0.2178
2026-08-31,moreno,Moreno Community College,0.0,9.26,0.0,0.1714
2026-08-31,norco,Norco Community College,0.0,0.83,0.0,0.0153
2026-08-31,nova,Nova SouthEastern University,0.0,4.47,0.0,0.0828
2026-08-31,pasadena,Pasadena Community College,0.0,11.95,0.0,0.2211
2026-08-31,psu,Pennsylvania State University,0.0,7.29,0.0,0.135
2026-08-31,saddleback,SaddleBack Community College,0.0,21.14,0.0,0.3913
2026-08-31,santiago,Santiago Canyon College,0.0,2.48,0.0,0.046
2026-08-31,sbcc,Santa Barbara City College,0.0,21.65,0.0,0.4008
2026-08-31,sierra,Sierra Community College,0.0,21.23,0.0,0.393
2026-08-31,skyline,Skyline Community College,0.0,45.53,0.0,0.8429
2026-08-31,spelman,Spelman College,0.0,21.68,0.0,0.4013
2026-08-31,srjc,Santa Rosa Junior College,0.0,14.26,0.0,0.264
2026-08-31,staging,staging,0.0,0.03,0.0,0.0006
2026-08-31,uams,University of Arkansas for Medical Sciences,0.0,11.1,0.0,0.2054
2026-08-31,unc-chapel-hill,University of North Carolina at Chapel Hill,0.0,2072.5,0.0,38.3646
2026-08-31,uta,University of Texas at Arlington,0.0,1.51,0.0,0.028
2026-08-31,york,"York College, CUNY",0.0,0.98,0.0,0.0182
2026-09-01,authoring,authoring,0.0,0.09,0.0,0.0013
2026-09-01,bcc,Berkeley CC,0.0,24.63,0.0,0.3641
2026-09-01,berea,Berea College,0.0,0.04,0.0,0.0007
2026-09-01,boise,Boise State University,0.0,15.75,0.0,0.2328
2026-09-01,ccsf,Community College San Francisco,0.0,36.31,0.0,0.5367
2026-09-01,chicagostate,Chicago State University,0.0,0.04,0.0,0.0007
2026-09-01,clarku,Clark University,12.67,0.0,38.1234,0.0
2026-09-01,cmu,Carnegie Mellon University,0.0,0.04,0.0,0.0007
2026-09-01,cra,Computing Research Association,0.0,0.04,0.0,0.0007
2026-09-01,csm,College of San Mateo,0.0,10.37,0.0,0.1533
2026-09-01,demo,demo,0.0,0.09,0.0,0.0013
2026-09-01,elcamino,El Camino Community College,0.0,401.58,0.0,5.937
2026-09-01,emich,Eastern Michigan University,0.0,0.18,0.0,0.0026
2026-09-01,etsu,East Tennessee State,0.0,0.36,0.0,0.0053
2026-09-01,evc,Evergreen Community College,0.0,20.67,0.0,0.3056
2026-09-01,fresno,Fresno Community College,0.0,7.09,0.0,0.1048
2026-09-01,glendale,Glendale Community College,0.0,10.29,0.0,0.1521
2026-09-01,gwu,George Washington University,0.0,58.62,0.0,0.8666
2026-09-01,high,High School,0.0,0.13,0.0,0.002
2026-09-01,humboldt,Cal Poly Humboldt,0.0,22.41,0.0,0.3314
2026-09-01,kean,Kean University,0.0,0.09,0.0,0.0013
2026-09-01,lacc,Los Angeles Community College,0.0,5.32,0.0,0.0787
2026-09-01,laney,Laney Community College,0.0,21.18,0.0,0.3132
2026-09-01,lbcc,Long Beach Community College,0.0,14.19,0.0,0.2098
2026-09-01,maine,University of Maine,0.0,0.47,0.0,0.0069
2026-09-01,merced,Merced College,0.0,0.54,0.0,0.0079
2026-09-01,miracosta,MiraCosta College,0.0,2.95,0.0,0.0437
2026-09-01,monmouth,Monmouth University,3.08,0.04,9.28,0.0007
2026-09-01,moreno,Moreno Community College,0.0,4.5,0.0,0.0665
2026-09-01,nicc,Northeast Iowa Community College,0.0,0.04,0.0,0.0007
2026-09-01,norco,Norco Community College,0.0,0.92,0.0,0.0136
2026-09-01,nova,Nova SouthEastern University,0.0,11.95,0.0,0.1766
2026-09-01,palomar,Palomar Community College,0.0,0.02,0.0,0.0003
2026-09-01,pasadena,Pasadena Community College,0.0,12.35,0.0,0.1826
2026-09-01,psu,Pennsylvania State University,0.0,4.61,0.0,0.0681
2026-09-01,redwoods,College of the Redwoods,0.0,0.03,0.0,0.0005
2026-09-01,ric,Rhode Island College,0.0,0.09,0.0,0.0013
2026-09-01,riohondo,Rio Hondo Community College,0.0,0.03,0.0,0.0005
2026-09-01,saddleback,SaddleBack Community College,0.0,8.22,0.0,0.1215
2026-09-01,santiago,Santiago Canyon College,0.0,0.64,0.0,0.0094
2026-09-01,sbcc,Santa Barbara City College,0.0,22.46,0.0,0.332
2026-09-01,shasta,Shasta College,0.0,0.09,0.0,0.0013
2026-09-01,sierra,Sierra Community College,0.0,16.44,0.0,0.2431
2026-09-01,sjcc,San Jose Community College,0.0,0.02,0.0,0.0003
2026-09-01,skyline,Skyline Community College,0.0,20.87,0.0,0.3086
2026-09-01,smc,Santa Monica College,0.0,1.07,0.0,0.0159
2026-09-01,spelman,Spelman College,0.0,23.02,0.0,0.3403
2026-09-01,srjc,Santa Rosa Junior College,0.0,32.48,0.0,0.4802
2026-09-01,tiffin,Tiffin University,0.0,0.09,0.0,0.0013
2026-09-01,toledo,University of Toledo,0.0,0.09,0.0,0.0013
2026-09-01,tuskegee,Tuskegee University,0.0,0.02,0.0,0.0003
2026-09-01,uams,University of Arkansas for Medical Sciences,0.0,6.13,0.0,0.0906
2026-09-01,umd,University of Maryland,0.0,0.27,0.0,0.004
2026-09-01,unc-chapel-hill,University of North Carolina at Chapel Hill,0.0,1670.74,0.0,24.7003
2026-09-01,uta,University of Texas at Arlington,0.0,0.1,0.0,0.0015
2026-09-01,utpb,University of Texas at Permian Basin,0.0,0.04,0.0,0.0007
2026-09-01,uwyo,University of Wyoming,0.0,0.36,0.0,0.0053
2026-09-01,virginia,University of Virginia,0.0,1.31,0.0,0.0193
2026-09-01,weber,Weber State University,0.0,0.04,0.0,0.0007
2026-09-01,whitman,Whitman College,0.0,0.09,0.0,0.0013
2026-09-01,willamette,Willamette University,0.0,0.04,0.0,0.0007
2026-09-01,wlac,West LA College,0.0,0.04,0.0,0.0007
2026-09-01,york,"York College, CUNY",0.0,20.67,0.0,0.3056
2026-09-02,bcc,Berkeley CC,0.0,51.67,0.0,1.0351
2026-09-02,boise,Boise State University,0.0,18.52,0.0,0.371
2026-09-02,ccsf,Community College San Francisco,0.0,77.14,0.0,1.5452
2026-09-02,clarku,Clark University,0.25,0.0,0.1619,0.0
2026-09-02,csm,College of San Mateo,0.0,14.36,0.0,0.2877
2026-09-02,elcamino,El Camino Community College,0.0,156.5,0.0,3.1348
2026-09-02,emich,Eastern Michigan University,16.25,5.82,10.5238,0.1165
2026-09-02,evc,Evergreen Community College,0.0,23.66,0.0,0.4738
2026-09-02,fresno,Fresno Community College,0.0,5.39,0.0,0.108
2026-09-02,glendale,Glendale Community College,0.0,21.36,0.0,0.4279
2026-09-02,gpu-demo,gpu-demo,0.0,0.67,0.0,0.0134
2026-09-02,gwu,George Washington University,0.0,119.69,0.0,2.3975
2026-09-02,humboldt,Cal Poly Humboldt,0.0,57.94,0.0,1.1605
2026-09-02,lacc,Los Angeles Community College,0.0,19.98,0.0,0.4001
2026-09-02,laney,Laney Community College,0.0,16.84,0.0,0.3374
2026-09-02,lbcc,Long Beach Community College,0.0,13.39,0.0,0.2682
2026-09-02,maine,University of Maine,0.0,3.05,0.0,0.0612
2026-09-02,miracosta,MiraCosta College,0.0,10.36,0.0,0.2075
2026-09-02,monmouth,Monmouth University,2.75,2.01,1.781,0.0403
2026-09-02,moreno,Moreno Community College,0.0,21.14,0.0,0.4234
2026-09-02,norco,Norco Community College,0.0,0.47,0.0,0.0094
2026-09-02,nova,Nova SouthEastern University,0.0,2.37,0.0,0.0475
2026-09-02,pasadena,Pasadena Community College,0.0,17.52,0.0,0.3508
2026-09-02,saddleback,SaddleBack Community College,0.0,4.4,0.0,0.088
2026-09-02,santiago,Santiago Canyon College,0.0,2.05,0.0,0.041
2026-09-02,sbcc,Santa Barbara City College,0.0,20.69,0.0,0.4145
2026-09-02,sierra,Sierra Community College,0.0,9.26,0.0,0.1855
2026-09-02,skyline,Skyline Community College,0.0,44.8,0.0,0.8973
2026-09-02,smc,Santa Monica College,0.0,0.36,0.0,0.0072
2026-09-02,spelman,Spelman College,0.0,9.03,0.0,0.1808
2026-09-02,srjc,Santa Rosa Junior College,0.0,16.98,0.0,0.3401
2026-09-02,uams,University of Arkansas for Medical Sciences,0.0,8.81,0.0,0.1765
2026-09-02,umd,University of Maryland,0.0,1.34,0.0,0.0269
2026-09-02,unc-chapel-hill,University of North Carolina at Chapel Hill,0.0,2764.89,0.0,55.3831
2026-09-02,uta,University of Texas at Arlington,0.0,37.21,0.0,0.7454
2026-09-03,bcc,Berkeley CC,0.0,12.95,0.0,0.2174
2026-09-03,boise,Boise State University,0.0,25.64,0.0,0.4304
2026-09-03,ccsf,Community College San Francisco,0.0,106.8,0.0,1.7931
2026-09-03,csm,College of San Mateo,0.0,25.47,0.0,0.4276
2026-09-03,elcamino,El Camino Community College,0.0,410.97,0.0,6.8998
2026-09-03,emich,Eastern Michigan University,6.5,14.5,53.999,0.2434
2026-09-03,epcc,El Paso Community College,0.0,1.48,0.0,0.0248
2026-09-03,evc,Evergreen Community College,0.0,24.39,0.0,0.4095
2026-09-03,fresno,Fresno Community College,0.0,5.21,0.0,0.0875
2026-09-03,glendale,Glendale Community College,0.0,3.8,0.0,0.0638
2026-09-03,gpu-demo,gpu-demo,0.0,1.03,0.0,0.0173
2026-09-03,gwu,George Washington University,0.0,76.3,0.0,1.281
2026-09-03,humboldt,Cal Poly Humboldt,0.0,15.3,0.0,0.2569
2026-09-03,lacc,Los Angeles Community College,0.0,1.7,0.0,0.0285
2026-09-03,laney,Laney Community College,0.0,18.14,0.0,0.3046
2026-09-03,lbcc,Long Beach Community College,0.0,7.52,0.0,0.1262
2026-09-03,maine,University of Maine,0.0,4.26,0.0,0.0715
2026-09-03,miracosta,MiraCosta College,0.0,2.77,0.0,0.0466
2026-09-03,moreno,Moreno Community College,0.0,10.13,0.0,0.1701
2026-09-03,norco,Norco Community College,0.0,1.57,0.0,0.0263
2026-09-03,nova,Nova SouthEastern University,0.0,1.52,0.0,0.0255
2026-09-03,ocu,Oakland City University,0.0,0.31,0.0,0.0053
2026-09-03,pasadena,Pasadena Community College,0.0,10.47,0.0,0.1758
2026-09-03,psu,Pennsylvania State University,0.0,25.23,0.0,0.4236
2026-09-03,saddleback,SaddleBack Community College,0.0,4.23,0.0,0.071
2026-09-03,santiago,Santiago Canyon College,0.0,5.77,0.0,0.0969
2026-09-03,sbcc,Santa Barbara City College,0.0,23.29,0.0,0.391
2026-09-03,sierra,Sierra Community College,0.0,8.43,0.0,0.1416
2026-09-03,skyline,Skyline Community College,0.0,4.23,0.0,0.071
2026-09-03,spelman,Spelman College,0.0,9.73,0.0,0.1634
2026-09-03,srjc,Santa Rosa Junior College,0.0,30.64,0.0,0.5143
2026-09-03,uams,University of Arkansas for Medical Sciences,0.0,2.24,0.0,0.0376
2026-09-03,unc-chapel-hill,University of North Carolina at Chapel Hill,0.0,938.99,0.0,15.7645
2026-09-03,york,"York College, CUNY",0.0,20.62,0.0,0.3463
2026-09-04,bcc,Berkeley CC,0.0,14.43,0.0,0.3823
2026-09-04,boise,Boise State University,0.0,8.19,0.0,0.2169
2026-09-04,ccsf,Community College San Francisco,0.0,85.36,0.0,2.2617
2026-09-04,chaffey,Chaffey College,0.0,1.07,0.0,0.0284
2026-09-04,clarku,Clark University,28.58,0.76,15.5209,0.0202
2026-09-04,csm,College of San Mateo,0.0,8.59,0.0,0.2276
2026-09-04,elcamino,El Camino Community College,0.0,63.89,0.0,1.6927
2026-09-04,emich,Eastern Michigan University,1.58,0.0,0.8598,0.0
2026-09-04,evc,Evergreen Community College,0.0,32.15,0.0,0.8517
2026-09-04,fresno,Fresno Community College,0.0,7.94,0.0,0.2104
2026-09-04,glendale,Glendale Community College,0.0,4.36,0.0,0.1156
2026-09-04,gwu,George Washington University,0.0,40.0,0.0,1.0597
2026-09-04,humboldt,Cal Poly Humboldt,0.0,21.7,0.0,0.5749
2026-09-04,lacc,Los Angeles Community College,0.0,2.3,0.0,0.061
2026-09-04,laney,Laney Community College,0.0,5.7,0.0,0.1511
2026-09-04,lbcc,Long Beach Community College,0.0,5.4,0.0,0.1431
2026-09-04,maine,University of Maine,0.0,23.96,0.0,0.6348
2026-09-04,miracosta,MiraCosta College,0.0,5.93,0.0,0.1571
2026-09-04,monmouth,Monmouth University,0.0,0.18,0.0,0.0047
2026-09-04,moreno,Moreno Community College,0.0,20.74,0.0,0.5494
2026-09-04,norco,Norco Community College,0.0,2.89,0.0,0.0765
2026-09-04,nova,Nova SouthEastern University,0.0,2.06,0.0,0.0545
2026-09-04,pasadena,Pasadena Community College,0.0,25.03,0.0,0.6632
2026-09-04,psu,Pennsylvania State University,0.0,3.53,0.0,0.0936
2026-09-04,saddleback,SaddleBack Community College,0.0,14.6,0.0,0.3867
2026-09-04,santiago,Santiago Canyon College,0.0,4.26,0.0,0.1129
2026-09-04,sbcc,Santa Barbara City College,0.0,12.75,0.0,0.3378
2026-09-04,sierra,Sierra Community College,0.0,8.68,0.0,0.23
2026-09-04,skyline,Skyline Community College,0.0,4.6,0.0,0.1218
2026-09-04,smc,Santa Monica College,0.0,0.58,0.0,0.0154
2026-09-04,spelman,Spelman College,0.0,7.92,0.0,0.2098
2026-09-04,srjc,Santa Rosa Junior College,0.0,12.58,0.0,0.3334
2026-09-04,unc-chapel-hill,University of North Carolina at Chapel Hill,0.0,1385.84,0.0,36.7181
2026-09-05,bcc,Berkeley CC,0.0,4.03,0.0,0.0814
2026-09-05,boise,Boise State University,0.0,8.81,0.0,0.1782
2026-09-05,ccsf,Community College San Francisco,0.0,24.16,0.0,0.4886
2026-09-05,csm,College of San Mateo,0.0,8.59,0.0,0.1737
2026-09-05,elcamino,El Camino Community College,0.0,48.05,0.0,0.9717
2026-09-05,emich,Eastern Michigan University,4.42,0.0,3.9102,0.0
2026-09-05,evc,Evergreen Community College,0.0,60.93,0.0,1.2323
2026-09-05,fresno,Fresno Community College,0.0,3.69,0.0,0.0746
2026-09-05,glendale,Glendale Community College,0.0,3.36,0.0,0.0679
2026-09-05,gpu-demo,gpu-demo,0.0,0.63,0.0,0.0127
2026-09-05,gwu,George Washington University,0.0,26.21,0.0,0.53
2026-09-05,humboldt,Cal Poly Humboldt,0.0,1.7,0.0,0.0344
2026-09-05,lacc,Los Angeles Community College,0.0,1.14,0.0,0.0231
2026-09-05,laney,Laney Community College,0.0,5.15,0.0,0.104
2026-09-05,lbcc,Long Beach Community College,0.0,8.46,0.0,0.171
2026-09-05,maine,University of Maine,0.0,4.83,0.0,0.0977
2026-09-05,miracosta,MiraCosta College,0.0,0.49,0.0,0.01
2026-09-05,monmouth,Monmouth University,0.25,5.15,0.2213,0.104
2026-09-05,moreno,Moreno Community College,0.0,10.1,0.0,0.2043
2026-09-05,norco,Norco Community College,0.0,12.59,0.0,0.2547
2026-09-05,pasadena,Pasadena Community College,0.0,40.13,0.0,0.8116
2026-09-05,psu,Pennsylvania State University,0.0,1.43,0.0,0.029
2026-09-05,saddleback,SaddleBack Community College,0.0,24.33,0.0,0.492
2026-09-05,santiago,Santiago Canyon College,0.0,1.64,0.0,0.0333
2026-09-05,sbcc,Santa Barbara City College,0.0,4.94,0.0,0.1
2026-09-05,sierra,Sierra Community College,0.0,7.56,0.0,0.1529
2026-09-05,skyline,Skyline Community College,0.0,0.47,0.0,0.0095
2026-09-05,smc,Santa Monica College,0.0,0.94,0.0,0.019
2026-09-05,spelman,Spelman College,0.0,2.11,0.0,0.0428
2026-09-05,srjc,Santa Rosa Junior College,0.0,10.27,0.0,0.2076
2026-09-05,unc-chapel-hill,University of North Carolina at Chapel Hill,0.0,331.43,0.0,6.7025
2026-09-05,york,"York College, CUNY",0.0,5.06,0.0,0.1022
2026-09-06,bcc,Berkeley CC,0.0,8.96,0.0,0.1594
2026-09-06,boise,Boise State University,0.0,40.71,0.0,0.7242
2026-09-06,ccsf,Community College San Francisco,0.0,27.51,0.0,0.4894
2026-09-06,csm,College of San Mateo,0.0,10.57,0.0,0.188
2026-09-06,elcamino,El Camino Community College,0.0,70.6,0.0,1.2558
2026-09-06,emich,Eastern Michigan University,7.5,0.0,6.6687,0.0
2026-09-06,evc,Evergreen Community College,0.0,27.11,0.0,0.4823
2026-09-06,fresno,Fresno Community College,0.0,8.66,0.0,0.154
2026-09-06,gpu-demo,gpu-demo,0.0,2.95,0.0,0.0525
2026-09-06,gwu,George Washington University,0.0,53.35,0.0,0.949
2026-09-06,humboldt,Cal Poly Humboldt,0.0,17.05,0.0,0.3032
2026-09-06,lacc,Los Angeles Community College,0.0,1.36,0.0,0.0243
2026-09-06,laney,Laney Community College,0.0,4.32,0.0,0.0768
2026-09-06,lbcc,Long Beach Community College,0.0,10.97,0.0,0.1952
2026-09-06,maine,University of Maine,0.0,1.28,0.0,0.0227
2026-09-06,monmouth,Monmouth University,0.0,0.18,0.0,0.0032
2026-09-06,moreno,Moreno Community College,0.0,19.83,0.0,0.3528
2026-09-06,norco,Norco Community College,0.0,12.03,0.0,0.2141
2026-09-06,nova,Nova SouthEastern University,0.0,0.58,0.0,0.0103
2026-09-06,pasadena,Pasadena Community College,0.0,35.1,0.0,0.6243
2026-09-06,psu,Pennsylvania State University,0.0,1.43,0.0,0.0255
2026-09-06,saddleback,SaddleBack Community College,0.0,47.71,0.0,0.8488
2026-09-06,santiago,Santiago Canyon College,0.0,5.97,0.0,0.1062
2026-09-06,sbcc,Santa Barbara City College,0.0,5.66,0.0,0.1007
2026-09-06,sierra,Sierra Community College,0.0,0.89,0.0,0.0159
2026-09-06,skyline,Skyline Community College,0.0,3.79,0.0,0.0674
2026-09-06,smc,Santa Monica College,0.0,3.22,0.0,0.0573
2026-09-06,spelman,Spelman College,0.0,6.34,0.0,0.1128
2026-09-06,srjc,Santa Rosa Junior College,0.0,9.29,0.0,0.1653
2026-09-06,unc-chapel-hill,University of North Carolina at Chapel Hill,0.0,662.68,0.0,11.7879
2026-09-06,york,"York College, CUNY",0.0,2.59,0.0,0.0462
2026-09-07,authoring,authoring,0.0,0.09,0.0,0.0021
2026-09-07,bcc,Berkeley CC,0.0,10.91,0.0,0.2548
2026-09-07,boise,Boise State University,0.0,28.63,0.0,0.669
2026-09-07,carrollu,Carroll University,0.0,0.09,0.0,0.0021
2026-09-07,cau,Clarke Atlanta University,0.0,0.36,0.0,0.0084
2026-09-07,ccsf,Community College San Francisco,0.0,38.32,0.0,0.8953
2026-09-07,chabot,Chabot CC,0.0,0.02,0.0,0.0005
2026-09-07,chaffey,Chaffey College,0.0,2.92,0.0,0.0682
2026-09-07,chicagostate,Chicago State University,0.0,0.04,0.0,0.001
2026-09-07,cloud-county,Cloud County Community College,0.0,0.04,0.0,0.001
2026-09-07,cmu,Carnegie Mellon University,0.0,2.28,0.0,0.0533
2026-09-07,cra,Computing Research Association,0.0,0.09,0.0,0.0021
2026-09-07,csm,College of San Mateo,0.0,5.91,0.0,0.138
2026-09-07,csusm,CSU San Marcos,0.0,0.04,0.0,0.001
2026-09-07,demo,demo,0.0,0.09,0.0,0.0021
2026-09-07,elac,East LA College,0.0,0.02,0.0,0.0005
2026-09-07,elcamino,El Camino Community College,0.0,32.75,0.0,0.7652
2026-09-07,emich,Eastern Michigan University,1.92,0.04,1.6056,0.001
2026-09-07,epcc,El Paso Community College,0.0,0.09,0.0,0.0021
2026-09-07,etsu,East Tennessee State,0.0,0.36,0.0,0.0084
2026-09-07,evc,Evergreen Community College,0.0,15.94,0.0,0.3724
2026-09-07,fresno,Fresno Community College,0.0,11.97,0.0,0.2796
2026-09-07,georgetown,George University,0.0,0.09,0.0,0.0021
2026-09-07,glendale,Glendale Community College,0.0,1.23,0.0,0.0287
2026-09-07,gpu-demo,gpu-demo,0.0,0.09,0.0,0.0021
2026-09-07,gssm,Governors School of Science and Math,0.0,0.07,0.0,0.0016
2026-09-07,gwu,George Washington University,0.0,107.31,0.0,2.5073
2026-09-07,hmc,Harvey Mudd College,0.0,0.09,0.0,0.0021
2026-09-07,humboldt,Cal Poly Humboldt,0.0,0.63,0.0,0.0146
2026-09-07,iit,Illinois Institute of Technology,0.0,0.04,0.0,0.001
2026-09-07,ivytech,Ivy Tech Community College of Indiana,0.0,1.3,0.0,0.0303
2026-09-07,kean,Kean University,0.0,0.04,0.0,0.001
2026-09-07,lacc,Los Angeles Community College,0.0,2.57,0.0,0.0601
2026-09-07,lahc,Los Angeles Harbor College,0.0,0.04,0.0,0.001
2026-09-07,laney,Laney Community College,0.0,6.89,0.0,0.161
2026-09-07,lbcc,Long Beach Community College,0.0,0.03,0.0,0.0008
2026-09-07,maine,University of Maine,0.0,8.29,0.0,0.1937
2026-09-07,mendocino,Mendocino College,0.0,0.02,0.0,0.0005
2026-09-07,merced,Merced College,0.0,0.07,0.0,0.0016
2026-09-07,miracosta,MiraCosta College,0.0,0.04,0.0,0.001
2026-09-07,mmc,Meharry Medical College,0.0,0.04,0.0,0.001
2026-09-07,monmouth,Monmouth University,0.33,0.72,0.2792,0.0167
2026-09-07,moreno,Moreno Community College,0.0,9.16,0.0,0.214
2026-09-07,norco,Norco Community College,0.0,1.39,0.0,0.0324
2026-09-07,nova,Nova SouthEastern University,0.0,5.91,0.0,0.138
2026-09-07,ocu,Oakland City University,0.0,0.04,0.0,0.001
2026-09-07,oit,Oregon Institute of Technology,0.0,0.04,0.0,0.001
2026-09-07,ornl,Oak Ridge National Laboratory,0.0,0.04,0.0,0.001
2026-09-07,palomar,Palomar Community College,0.0,0.04,0.0,0.001
2026-09-07,pasadena,Pasadena Community College,0.0,15.47,0.0,0.3614
2026-09-07,psu,Pennsylvania State University,0.0,4.97,0.0,0.116
2026-09-07,reedley,Reedley Community College,0.0,0.03,0.0,0.0008
2026-09-07,ric,Rhode Island College,0.0,0.04,0.0,0.001
2026-09-07,riohondo,Rio Hondo Community College,0.0,0.07,0.0,0.0016
2026-09-07,saddleback,SaddleBack Community College,0.0,10.54,0.0,0.2462
2026-09-07,santiago,Santiago Canyon College,0.0,6.31,0.0,0.1474
2026-09-07,sbcc,Santa Barbara City College,0.0,1.48,0.0,0.0345
2026-09-07,shasta,Shasta College,0.0,0.09,0.0,0.0021
2026-09-07,sierra,Sierra Community College,0.0,5.12,0.0,0.1197
2026-09-07,skyline,Skyline Community College,0.0,2.85,0.0,0.0666
2026-09-07,smc,Santa Monica College,0.0,6.8,0.0,0.1589
2026-09-07,sou,Southern Oregon University,0.0,0.04,0.0,0.001
2026-09-07,spelman,Spelman College,0.0,16.44,0.0,0.3842
2026-09-07,srjc,Santa Rosa Junior College,0.0,8.89,0.0,0.2078
2026-09-07,staging,staging,0.0,0.03,0.0,0.0008
2026-09-07,tiffin,Tiffin University,0.0,0.13,0.0,0.0031
2026-09-07,tntech,Tennessee Technological University,0.0,0.04,0.0,0.001
2026-09-07,toledo,University of Toledo,0.0,0.13,0.0,0.0031
2026-09-07,tuskegee,Tuskegee University,0.0,0.02,0.0,0.0005
2026-09-07,umd,University of Maryland,0.0,0.27,0.0,0.0063
2026-09-07,unc-chapel-hill,University of North Carolina at Chapel Hill,0.0,1211.9,0.0,28.3165
2026-09-07,uncw,University of North Carolina at Wilmington,0.0,0.09,0.0,0.0021
2026-09-07,und,University of North Dakota,0.0,0.04,0.0,0.001
2026-09-07,uta,University of Texas at Arlington,0.0,0.03,0.0,0.0008
2026-09-07,utpb,University of Texas at Permian Basin,0.0,0.04,0.0,0.001
2026-09-07,uwyo,University of Wyoming,0.0,0.36,0.0,0.0084
2026-09-07,virginia,University of Virginia,0.0,0.03,0.0,0.0008
2026-09-07,wcu,Western Carolina University,0.0,0.04,0.0,0.001
2026-09-07,weber,Weber State University,0.0,0.04,0.0,0.001
2026-09-07,whitman,Whitman College,0.0,0.27,0.0,0.0063
2026-09-07,york,"York College, CUNY",0.0,10.51,0.0,0.2457
2026-09-08,authoring,authoring,0.0,0.04,0.0,0.0006
2026-09-08,bcc,Berkeley CC,0.0,30.0,0.0,0.4163
2026-09-08,berea,Berea College,0.0,0.13,0.0,0.0019
2026-09-08,boise,Boise State University,0.0,30.6,0.0,0.4247
2026-09-08,ccsf,Community College San Francisco,0.0,97.64,0.0,1.3551
2026-09-08,chaffey,Chaffey College,0.0,0.81,0.0,0.0112
2026-09-08,clarku,Clark University,0.0,0.85,0.0,0.0118
2026-09-08,cmu,Carnegie Mellon University,3.58,0.0,14.8585,0.0
2026-09-08,csm,College of San Mateo,0.0,13.93,0.0,0.1933
2026-09-08,csusm,CSU San Marcos,0.0,0.04,0.0,0.0006
2026-09-08,elcamino,El Camino Community College,0.0,420.37,0.0,5.8339
2026-09-08,emich,Eastern Michigan University,8.25,9.4,34.209,0.1304
2026-09-08,epcc,El Paso Community College,0.0,7.83,0.0,0.1087
2026-09-08,etsu,East Tennessee State,0.0,0.36,0.0,0.005
2026-09-08,evc,Evergreen Community College,0.0,21.58,0.0,0.2994
2026-09-08,fgcu,Florida Gulf Coast University,0.0,7.2,0.0,0.1
2026-09-08,foothill,Foothill Community College,0.0,0.81,0.0,0.0112
2026-09-08,fresno,Fresno Community College,0.0,6.85,0.0,0.095
2026-09-08,fullertoncc,Fullerton College,0.0,0.04,0.0,0.0006
2026-09-08,glendale,Glendale Community College,0.0,3.24,0.0,0.045
2026-09-08,golden,Golden West College,0.0,0.03,0.0,0.0005
2026-09-08,gwu,George Washington University,0.0,185.66,0.0,2.5766
2026-09-08,howard,Howard University,0.0,0.03,0.0,0.0005
2026-09-08,humboldt,Cal Poly Humboldt,0.0,35.17,0.0,0.488
2026-09-08,lacc,Los Angeles Community College,0.0,2.01,0.0,0.0279
2026-09-08,lahc,Los Angeles Harbor College,0.0,0.02,0.0,0.0003
2026-09-08,laney,Laney Community College,0.0,23.11,0.0,0.3207
2026-09-08,lbcc,Long Beach Community College,0.0,13.32,0.0,0.1849
2026-09-08,maine,University of Maine,0.0,12.11,0.0,0.1681
2026-09-08,merritt,Merritt College,0.0,0.03,0.0,0.0005
2026-09-08,miracosta,MiraCosta College,0.0,1.12,0.0,0.0155
2026-09-08,monmouth,Monmouth University,1.42,7.78,5.8743,0.108
2026-09-08,moreno,Moreno Community College,0.0,8.42,0.0,0.1169
2026-09-08,norco,Norco Community College,0.0,0.43,0.0,0.0059
2026-09-08,nova,Nova SouthEastern University,0.0,33.55,0.0,0.4657
2026-09-08,pasadena,Pasadena Community College,0.0,10.6,0.0,0.1472
2026-09-08,psu,Pennsylvania State University,0.0,23.71,0.0,0.3291
2026-09-08,saddleback,SaddleBack Community College,0.0,6.17,0.0,0.0857
2026-09-08,santiago,Santiago Canyon College,0.0,2.82,0.0,0.0391
2026-09-08,sbcc,Santa Barbara City College,0.0,19.39,0.0,0.2692
2026-09-08,sierra,Sierra Community College,0.0,5.86,0.0,0.0813
2026-09-08,sjcc,San Jose Community College,0.0,0.02,0.0,0.0003
2026-09-08,skyline,Skyline Community College,0.0,28.69,0.0,0.3981
2026-09-08,smc,Santa Monica College,0.0,8.05,0.0,0.1118
2026-09-08,spelman,Spelman College,0.0,20.87,0.0,0.2896
2026-09-08,srjc,Santa Rosa Junior College,0.0,39.83,0.0,0.5528
2026-09-08,tntech,Tennessee Technological University,0.0,0.18,0.0,0.0025
2026-09-08,uams,University of Arkansas for Medical Sciences,0.0,0.98,0.0,0.0137
2026-09-08,umd,University of Maryland,0.0,0.09,0.0,0.0012
2026-09-08,unc-chapel-hill,University of North Carolina at Chapel Hill,0.0,2525.26,0.0,35.0457
2026-09-08,uta,University of Texas at Arlington,0.0,0.03,0.0,0.0005
2026-09-08,weber,Weber State University,0.0,0.04,0.0,0.0006
2026-09-08,whitman,Whitman College,0.0,0.09,0.0,0.0012
2026-09-08,york,"York College, CUNY",0.0,19.86,0.0,0.2757
2026-09-09,bcc,Berkeley CC,0.0,50.3,0.0,1.3577
2026-09-09,boise,Boise State University,0.0,18.48,0.0,0.4987
2026-09-09,ccsf,Community College San Francisco,0.0,89.02,0.0,2.4028
2026-09-09,chaffey,Chaffey College,0.0,5.84,0.0,0.1576
2026-09-09,clarku,Clark University,4.5,0.0,4.3944,0.0
2026-09-09,csm,College of San Mateo,0.0,13.42,0.0,0.3623
2026-09-09,csusm,CSU San Marcos,7.92,3.67,7.7308,0.099
2026-09-09,elcamino,El Camino Community College,0.0,101.74,0.0,2.7461
2026-09-09,emich,Eastern Michigan University,35.58,0.94,34.7481,0.0254
2026-09-09,epcc,El Paso Community College,11.83,13.56,11.5556,0.3659
2026-09-09,evc,Evergreen Community College,0.0,26.54,0.0,0.7164
2026-09-09,fgcu,Florida Gulf Coast University,0.0,12.88,0.0,0.3478
2026-09-09,foothill,Foothill Community College,0.0,0.56,0.0,0.0151
2026-09-09,fresno,Fresno Community College,0.0,5.53,0.0,0.1491
2026-09-09,glendale,Glendale Community College,0.0,22.82,0.0,0.6159
2026-09-09,gwu,George Washington University,0.0,225.25,0.0,6.08
2026-09-09,humboldt,Cal Poly Humboldt,0.0,80.35,0.0,2.1689
2026-09-09,lacc,Los Angeles Community College,0.0,18.43,0.0,0.4975
2026-09-09,laney,Laney Community College,0.0,21.97,0.0,0.5929
2026-09-09,lbcc,Long Beach Community College,0.0,19.66,0.0,0.5307
2026-09-09,maine,University of Maine,0.0,14.86,0.0,0.4012
2026-09-09,miracosta,MiraCosta College,0.0,8.57,0.0,0.2313
2026-09-09,monmouth,Monmouth University,4.0,1.57,3.9061,0.0423
2026-09-09,moreno,Moreno Community College,0.0,13.62,0.0,0.3677
2026-09-09,norco,Norco Community College,0.0,0.92,0.0,0.0248
2026-09-09,nova,Nova SouthEastern University,0.0,5.68,0.0,0.1534
2026-09-09,pasadena,Pasadena Community College,0.0,11.24,0.0,0.3034
2026-09-09,psu,Pennsylvania State University,0.0,3.4,0.0,0.0918
2026-09-09,saddleback,SaddleBack Community College,0.0,6.07,0.0,0.1639
2026-09-09,santiago,Santiago Canyon College,0.0,1.24,0.0,0.0335
2026-09-09,sbcc,Santa Barbara City College,0.0,20.94,0.0,0.5652
2026-09-09,sierra,Sierra Community College,0.0,5.5,0.0,0.1485
2026-09-09,skyline,Skyline Community College,0.0,28.92,0.0,0.7807
2026-09-09,smc,Santa Monica College,0.0,3.8,0.0,0.1026
2026-09-09,spelman,Spelman College,0.0,1.95,0.0,0.0525
2026-09-09,srjc,Santa Rosa Junior College,0.0,12.15,0.0,0.3279
2026-09-09,uams,University of Arkansas for Medical Sciences,0.0,9.89,0.0,0.2669
2026-09-09,unc-chapel-hill,University of North Carolina at Chapel Hill,0.0,899.08,0.0,24.2682
2026-09-09,uta,University of Texas at Arlington,0.0,40.5,0.0,1.0932
2026-09-09,york,"York College, CUNY",0.0,0.72,0.0,0.0193
2026-09-10,bcc,Berkeley CC,0.0,26.54,0.0,0.4718
2026-09-10,boise,Boise State University,0.0,12.62,0.0,0.2243
2026-09-10,ccsf,Community College San Francisco,0.0,111.77,0.0,1.987
2026-09-10,chabot,Chabot CC,0.0,1.36,0.0,0.0243
2026-09-10,chaffey,Chaffey College,0.0,24.8,0.0,0.4408
2026-09-10,clarku,Clark University,3.58,0.0,5.1659,0.0
2026-09-10,csm,College of San Mateo,0.0,21.47,0.0,0.3818
2026-09-10,csusm,CSU San Marcos,10.42,31.0,15.0172,0.5512
2026-09-10,elcamino,El Camino Community College,0.0,461.44,0.0,8.2033
2026-09-10,emich,Eastern Michigan University,43.42,7.65,62.5918,0.136
2026-09-10,epcc,El Paso Community College,0.0,9.89,0.0,0.1758
2026-09-10,evc,Evergreen Community College,0.0,19.26,0.0,0.3424
2026-09-10,fgcu,Florida Gulf Coast University,0.0,9.89,0.0,0.1758
2026-09-10,foothill,Foothill Community College,0.0,0.31,0.0,0.0056
2026-09-10,fresno,Fresno Community College,0.0,1.95,0.0,0.0346
2026-09-10,glendale,Glendale Community College,0.0,10.47,0.0,0.1861
2026-09-10,gpu-demo,gpu-demo,0.0,1.88,0.0,0.0334
2026-09-10,gwu,George Washington University,0.0,135.29,0.0,2.4052
2026-09-10,humboldt,Cal Poly Humboldt,0.0,5.46,0.0,0.097
2026-09-10,lacc,Los Angeles Community College,0.0,1.97,0.0,0.035
2026-09-10,laney,Laney Community College,0.0,12.8,0.0,0.2275
2026-09-10,lbcc,Long Beach Community College,0.0,14.8,0.0,0.2631
2026-09-10,maine,University of Maine,0.0,19.56,0.0,0.3478
2026-09-10,miracosta,MiraCosta College,0.0,0.69,0.0,0.0123
2026-09-10,monmouth,Monmouth University,0.0,4.12,0.0,0.0732
2026-09-10,moreno,Moreno Community College,0.0,11.37,0.0,0.2022
2026-09-10,norco,Norco Community College,0.0,2.01,0.0,0.0358
2026-09-10,nova,Nova SouthEastern University,0.0,3.85,0.0,0.0684
2026-09-10,pasadena,Pasadena Community College,0.0,11.41,0.0,0.2028
2026-09-10,psu,Pennsylvania State University,0.0,26.04,0.0,0.4629
2026-09-10,saddleback,SaddleBack Community College,0.0,9.87,0.0,0.1754
2026-09-10,santiago,Santiago Canyon College,0.0,6.11,0.0,0.1086
2026-09-10,sbcc,Santa Barbara City College,0.0,29.48,0.0,0.5241
2026-09-10,sierra,Sierra Community College,0.0,9.53,0.0,0.1694
2026-09-10,skyline,Skyline Community College,0.0,1.34,0.0,0.0239
2026-09-10,smc,Santa Monica College,0.0,1.34,0.0,0.0239
2026-09-10,spelman,Spelman College,0.0,1.95,0.0,0.0346
2026-09-10,srjc,Santa Rosa Junior College,0.0,29.26,0.0,0.5202
2026-09-10,tntech,Tennessee Technological University,0.0,1.52,0.0,0.027
2026-09-10,uams,University of Arkansas for Medical Sciences,0.0,3.18,0.0,0.0565
2026-09-10,unc-chapel-hill,University of North Carolina at Chapel Hill,0.0,166.25,0.0,2.9556
2026-09-10,uta,University of Texas at Arlington,0.0,0.47,0.0,0.0084
2026-09-10,york,"York College, CUNY",0.0,28.19,0.0,0.5011
2026-09-11,bcc,Berkeley CC,0.0,30.67,0.0,0.8663
2026-09-11,boise,Boise State University,0.0,0.81,0.0,0.0227
2026-09-11,ccsf,Community College San Francisco,0.0,98.95,0.0,2.7951
2026-09-11,chaffey,Chaffey College,0.0,3.39,0.0,0.0957
2026-09-11,clarku,Clark University,28.83,3.58,24.5238,0.1011
2026-09-11,csm,College of San Mateo,0.0,9.26,0.0,0.2616
2026-09-11,csusm,CSU San Marcos,0.25,0.04,0.2126,0.0013
2026-09-11,elcamino,El Camino Community College,0.0,151.67,0.0,4.2842
2026-09-11,emich,Eastern Michigan University,16.08,0.0,13.6795,0.0
2026-09-11,evc,Evergreen Community College,0.0,19.93,0.0,0.563
2026-09-11,fresno,Fresno Community College,0.0,8.79,0.0,0.2483
2026-09-11,glendale,Glendale Community College,0.0,13.04,0.0,0.3684
2026-09-11,gpu-demo,gpu-demo,0.0,1.83,0.0,0.0518
2026-09-11,gwu,George Washington University,0.0,33.55,0.0,0.9478
2026-09-11,humboldt,Cal Poly Humboldt,0.0,24.52,0.0,0.6925
2026-09-11,lacc,Los Angeles Community College,0.0,1.54,0.0,0.0436
2026-09-11,laney,Laney Community College,0.0,6.44,0.0,0.182
2026-09-11,lbcc,Long Beach Community College,0.0,13.12,0.0,0.3706
2026-09-11,maine,University of Maine,0.0,37.45,0.0,1.0578
2026-09-11,miracosta,MiraCosta College,0.0,0.74,0.0,0.0209
2026-09-11,mission,Mission College,0.0,0.5,0.0,0.0142
2026-09-11,moreno,Moreno Community College,0.0,20.07,0.0,0.5668
2026-09-11,norco,Norco Community College,0.0,4.45,0.0,0.1257
2026-09-11,nova,Nova SouthEastern University,0.0,20.4,0.0,0.5763
2026-09-11,pasadena,Pasadena Community College,0.0,20.57,0.0,0.581
2026-09-11,psu,Pennsylvania State University,0.0,0.89,0.0,0.0253
2026-09-11,saddleback,SaddleBack Community College,0.0,13.66,0.0,0.3858
2026-09-11,santiago,Santiago Canyon College,0.0,7.31,0.0,0.2066
2026-09-11,sbcc,Santa Barbara City College,0.0,15.37,0.0,0.4341
2026-09-11,sierra,Sierra Community College,0.0,3.62,0.0,0.1024
2026-09-11,skyline,Skyline Community College,0.0,4.16,0.0,0.1175
2026-09-11,smc,Santa Monica College,0.0,9.35,0.0,0.2641
2026-09-11,srjc,Santa Rosa Junior College,0.0,13.39,0.0,0.3782
2026-09-11,unc-chapel-hill,University of North Carolina at Chapel Hill,0.0,1077.68,0.0,30.4415
2026-09-11,york,"York College, CUNY",0.0,4.03,0.0,0.1137
2026-09-12,bcc,Berkeley CC,0.0,19.26,0.0,0.5439
2026-09-12,boise,Boise State University,0.0,11.36,0.0,0.3209
2026-09-12,ccsf,Community College San Francisco,0.0,25.37,0.0,0.7164
2026-09-12,chaffey,Chaffey College,0.0,5.74,0.0,0.162
2026-09-12,csm,College of San Mateo,0.0,5.44,0.0,0.1535
2026-09-12,csusm,CSU San Marcos,0.0,2.19,0.0,0.0619
2026-09-12,elcamino,El Camino Community College,0.0,12.88,0.0,0.3639
2026-09-12,emich,Eastern Michigan University,9.42,0.0,7.3932,0.0
2026-09-12,evc,Evergreen Community College,0.0,67.48,0.0,1.9056
2026-09-12,fresno,Fresno Community College,0.0,2.93,0.0,0.0828
2026-09-12,glendale,Glendale Community College,0.0,4.09,0.0,0.1156
2026-09-12,gpu-demo,gpu-demo,0.0,2.19,0.0,0.0619
2026-09-12,gwu,George Washington University,0.0,4.8,0.0,0.1355
2026-09-12,humboldt,Cal Poly Humboldt,0.0,4.52,0.0,0.1276
2026-09-12,lacc,Los Angeles Community College,0.0,2.28,0.0,0.0644
2026-09-12,laney,Laney Community College,0.0,4.07,0.0,0.115
2026-09-12,lbcc,Long Beach Community College,0.0,7.18,0.0,0.2028
2026-09-12,maine,University of Maine,0.0,0.6,0.0,0.0171
2026-09-12,miracosta,MiraCosta College,0.0,1.52,0.0,0.043
2026-09-12,moreno,Moreno Community College,0.0,6.85,0.0,0.1933
2026-09-12,norco,Norco Community College,0.0,7.27,0.0,0.2053
2026-09-12,nova,Nova SouthEastern University,0.0,30.33,0.0,0.8566
2026-09-12,pasadena,Pasadena Community College,0.0,22.55,0.0,0.6368
2026-09-12,psu,Pennsylvania State University,0.0,0.89,0.0,0.0253
2026-09-12,saddleback,SaddleBack Community College,0.0,19.19,0.0,0.542
2026-09-12,santiago,Santiago Canyon College,0.0,7.18,0.0,0.2028
2026-09-12,sbcc,Santa Barbara City College,0.0,8.21,0.0,0.2318
2026-09-12,sierra,Sierra Community College,0.0,10.07,0.0,0.2843
2026-09-12,skyline,Skyline Community College,0.0,4.06,0.0,0.1147
2026-09-12,smc,Santa Monica College,0.0,40.67,0.0,1.1485
2026-09-12,spelman,Spelman College,0.0,2.55,0.0,0.072
2026-09-12,srjc,Santa Rosa Junior College,0.0,11.98,0.0,0.3383
2026-09-12,unc-chapel-hill,University of North Carolina at Chapel Hill,0.0,120.8,0.0,3.4114
2026-09-12,uta,University of Texas at Arlington,0.0,2.75,0.0,0.0777
2026-09-12,york,"York College, CUNY",0.0,1.03,0.0,0.0291
2026-09-13,bcc,Berkeley CC,0.0,6.11,0.0,0.1199
2026-09-13,boise,Boise State University,0.0,23.4,0.0,0.4595
2026-09-13,ccsf,Community College San Francisco,0.0,39.36,0.0,0.773
2026-09-13,chaffey,Chaffey College,0.0,1.01,0.0,0.0198
2026-09-13,clarku,Clark University,1.42,0.0,1.029,0.0
2026-09-13,csm,College of San Mateo,0.0,2.75,0.0,0.054
2026-09-13,csusm,CSU San Marcos,0.0,0.54,0.0,0.0105
2026-09-13,elcamino,El Camino Community College,0.0,46.98,0.0,0.9226
2026-09-13,emich,Eastern Michigan University,4.17,1.61,3.0266,0.0316
2026-09-13,evc,Evergreen Community College,0.0,20.2,0.0,0.3967
2026-09-13,fresno,Fresno Community College,0.0,3.67,0.0,0.0721
2026-09-13,glendale,Glendale Community College,0.0,7.85,0.0,0.1542
2026-09-13,gwu,George Washington University,0.0,4.73,0.0,0.0929
2026-09-13,humboldt,Cal Poly Humboldt,0.0,8.41,0.0,0.1652
2026-09-13,lacc,Los Angeles Community College,0.0,0.67,0.0,0.0132
2026-09-13,laney,Laney Community College,0.0,2.91,0.0,0.0571
2026-09-13,lbcc,Long Beach Community College,0.0,17.28,0.0,0.3394
2026-09-13,moreno,Moreno Community College,0.0,14.06,0.0,0.2761
2026-09-13,norco,Norco Community College,0.0,9.04,0.0,0.1775
2026-09-13,nova,Nova SouthEastern University,0.0,30.6,0.0,0.601
2026-09-13,pasadena,Pasadena Community College,0.0,54.79,0.0,1.0761
2026-09-13,psu,Pennsylvania State University,0.0,4.43,0.0,0.087
2026-09-13,saddleback,SaddleBack Community College,0.0,48.12,0.0,0.945
2026-09-13,santiago,Santiago Canyon College,0.0,8.09,0.0,0.1588
2026-09-13,sbcc,Santa Barbara City College,0.0,9.93,0.0,0.1951
2026-09-13,sierra,Sierra Community College,0.0,6.46,0.0,0.127
2026-09-13,skyline,Skyline Community College,0.0,17.15,0.0,0.3367
2026-09-13,smc,Santa Monica College,0.0,11.54,0.0,0.2267
2026-09-13,spelman,Spelman College,0.0,6.51,0.0,0.1278
2026-09-13,srjc,Santa Rosa Junior College,0.0,17.72,0.0,0.348
2026-09-13,tntech,Tennessee Technological University,0.0,1.25,0.0,0.0246
2026-09-13,umd,University of Maryland,0.0,3.04,0.0,0.0597
2026-09-13,unc-chapel-hill,University of North Carolina at Chapel Hill,0.0,357.56,0.0,7.0223
2026-09-13,uta,University of Texas at Arlington,0.0,1.28,0.0,0.025
2026-09-13,york,"York College, CUNY",2.0,5.91,1.4528,0.116
2026-09-14,bcc,Berkeley CC,0.0,55.77,0.0,0.8529
2026-09-14,boise,Boise State University,0.0,23.71,0.0,0.3626
2026-09-14,ccsf,Community College San Francisco,0.0,76.57,0.0,1.171
2026-09-14,chabot,Chabot CC,0.0,0.02,0.0,0.0003
2026-09-14,chaffey,Chaffey College,0.0,18.62,0.0,0.2848
2026-09-14,clarku,Clark University,3.08,0.0,7.4146,0.0
2026-09-14,csm,College of San Mateo,0.0,5.1,0.0,0.078
2026-09-14,csusm,CSU San Marcos,0.0,16.55,0.0,0.2532
2026-09-14,elcamino,El Camino Community College,0.0,69.79,0.0,1.0674
2026-09-14,emich,Eastern Michigan University,6.83,0.89,16.4323,0.0137
2026-09-14,evc,Evergreen Community College,0.0,17.15,0.0,0.2622
2026-09-14,fgcu,Florida Gulf Coast University,0.0,0.04,0.0,0.0007
2026-09-14,foothill,Foothill Community College,0.0,0.02,0.0,0.0003
2026-09-14,fresno,Fresno Community College,0.0,18.39,0.0,0.2812
2026-09-14,fullertoncc,Fullerton College,0.0,0.04,0.0,0.0007
2026-09-14,glendale,Glendale Community College,0.0,18.45,0.0,0.2822
2026-09-14,gpu-demo,gpu-demo,0.0,4.56,0.0,0.0698
2026-09-14,gwu,George Washington University,0.0,81.2,0.0,1.2419
2026-09-14,humboldt,Cal Poly Humboldt,0.0,54.72,0.0,0.8368
2026-09-14,iit,Illinois Institute of Technology,0.0,0.04,0.0,0.0007
2026-09-14,lacc,Los Angeles Community College,0.0,7.54,0.0,0.1153
2026-09-14,laney,Laney Community College,0.0,12.68,0.0,0.194
2026-09-14,lbcc,Long Beach Community College,0.0,26.74,0.0,0.409
2026-09-14,maine,University of Maine,0.0,10.57,0.0,0.1616
2026-09-14,miracosta,MiraCosta College,0.0,8.34,0.0,0.1276
2026-09-14,monmouth,Monmouth University,4.25,0.58,10.2201,0.0089
2026-09-14,moreno,Moreno Community College,0.0,11.78,0.0,0.1801
2026-09-14,norco,Norco Community College,0.0,6.71,0.0,0.1026
2026-09-14,nova,Nova SouthEastern University,0.0,4.38,0.0,0.0671
2026-09-14,palomar,Palomar Community College,0.0,0.02,0.0,0.0003
2026-09-14,pasadena,Pasadena Community College,0.0,11.21,0.0,0.1714
2026-09-14,psu,Pennsylvania State University,0.0,3.98,0.0,0.0609
2026-09-14,saddleback,SaddleBack Community College,0.0,10.5,0.0,0.1606
2026-09-14,santiago,Santiago Canyon College,0.0,3.59,0.0,0.0549
2026-09-14,sbcc,Santa Barbara City College,0.0,24.36,0.0,0.3726
2026-09-14,sierra,Sierra Community College,0.0,5.53,0.0,0.0845
2026-09-14,skyline,Skyline Community College,0.0,41.94,0.0,0.6415
2026-09-14,smc,Santa Monica College,0.0,6.17,0.0,0.0944
2026-09-14,sou,Southern Oregon University,0.0,0.04,0.0,0.0007
2026-09-14,spelman,Spelman College,0.0,19.8,0.0,0.3028
2026-09-14,srjc,Santa Rosa Junior College,0.0,14.29,0.0,0.2186
2026-09-14,toledo,University of Toledo,0.0,0.04,0.0,0.0007
2026-09-14,uams,University of Arkansas for Medical Sciences,0.0,12.57,0.0,0.1923
2026-09-14,umd,University of Maryland,0.0,9.31,0.0,0.1423
2026-09-14,unc-chapel-hill,University of North Carolina at Chapel Hill,0.0,922.34,0.0,14.1059
2026-09-14,uta,University of Texas at Arlington,0.0,28.39,0.0,0.4341
2026-09-14,wcu,Western Carolina University,0.0,0.04,0.0,0.0007
2026-09-14,wlac,West LA College,0.0,0.02,0.0,0.0003
2026-09-14,york,"York College, CUNY",0.0,5.46,0.0,0.0835
2026-09-15,bcc,Berkeley CC,0.0,25.23,0.0,0.4333
2026-09-15,berea,Berea College,0.0,0.04,0.0,0.0008
2026-09-15,bmcc,"Borough of Manhattan Community College, CUNY",0.0,0.04,0.0,0.0008
2026-09-15,boise,Boise State University,0.0,16.42,0.0,0.2819
2026-09-15,calpolyslo,"California Polytechnic State University, San Luis Obispo",0.0,0.09,0.0,0.0015
2026-09-15,ccsf,Community College San Francisco,0.0,97.84,0.0,1.6801
2026-09-15,chabot,Chabot CC,0.0,0.02,0.0,0.0004
2026-09-15,chaffey,Chaffey College,0.0,5.07,0.0,0.087
2026-09-15,chicagostate,Chicago State University,0.0,0.04,0.0,0.0008
2026-09-15,clarku,Clark University,12.75,0.09,13.4662,0.0015
2026-09-15,cmu,Carnegie Mellon University,0.0,0.09,0.0,0.0015
2026-09-15,cra,Computing Research Association,0.0,0.04,0.0,0.0008
2026-09-15,csm,College of San Mateo,0.0,8.79,0.0,0.151
2026-09-15,csusm,CSU San Marcos,0.0,15.17,0.0,0.2604
2026-09-15,deanza,DeAnza College,0.0,0.02,0.0,0.0004
2026-09-15,demo,demo,0.0,0.04,0.0,0.0008
2026-09-15,elac,East LA College,0.0,0.02,0.0,0.0004
2026-09-15,elcamino,El Camino Community College,0.0,206.96,0.0,3.5539
2026-09-15,emich,Eastern Michigan University,39.08,0.09,41.2786,0.0015
2026-09-15,epcc,El Paso Community College,0.0,0.36,0.0,0.0061
2026-09-15,etsu,East Tennessee State,0.0,0.54,0.0,0.0092
2026-09-15,evc,Evergreen Community College,0.0,16.68,0.0,0.2864
2026-09-15,fgcu,Florida Gulf Coast University,0.0,0.09,0.0,0.0015
2026-09-15,foothill,Foothill Community College,0.0,0.34,0.0,0.0058
2026-09-15,fresno,Fresno Community College,0.0,4.97,0.0,0.0853
2026-09-15,fullertoncc,Fullerton College,0.0,0.04,0.0,0.0008
2026-09-15,georgetown,George University,0.0,0.04,0.0,0.0008
2026-09-15,glendale,Glendale Community College,0.0,7.09,0.0,0.1218
2026-09-15,golden,Golden West College,0.0,0.03,0.0,0.0006
2026-09-15,gpu-demo,gpu-demo,0.0,1.25,0.0,0.0215
2026-09-15,gssm,Governors School of Science and Math,0.0,0.03,0.0,0.0006
2026-09-15,gwu,George Washington University,0.0,50.9,0.0,0.8741
2026-09-15,high,High School,0.0,0.13,0.0,0.0023
2026-09-15,hmc,Harvey Mudd College,0.0,0.04,0.0,0.0008
2026-09-15,howard,Howard University,0.0,0.03,0.0,0.0006
2026-09-15,humboldt,Cal Poly Humboldt,0.0,25.14,0.0,0.4317
2026-09-15,iit,Illinois Institute of Technology,0.0,0.04,0.0,0.0008
2026-09-15,iub,Indiana University Bloomington,0.0,0.02,0.0,0.0004
2026-09-15,ivytech,Ivy Tech Community College of Indiana,0.0,0.04,0.0,0.0008
2026-09-15,kean,Kean University,0.0,0.09,0.0,0.0015
2026-09-15,lacc,Los Angeles Community College,0.0,1.88,0.0,0.0323
2026-09-15,lahc,Los Angeles Harbor College,0.0,0.02,0.0,0.0004
2026-09-15,laney,Laney Community College,0.0,20.51,0.0,0.3522
2026-09-15,lavc,LA Valley College,0.0,0.02,0.0,0.0004
2026-09-15,lbcc,Long Beach Community College,0.0,19.73,0.0,0.3388
2026-09-15,maine,University of Maine,0.0,10.97,0.0,0.1884
2026-09-15,merced,Merced College,0.0,0.03,0.0,0.0006
2026-09-15,merritt,Merritt College,0.0,0.07,0.0,0.0012
2026-09-15,miracosta,MiraCosta College,0.0,6.82,0.0,0.1172
2026-09-15,mission,Mission College,0.0,0.03,0.0,0.0006
2026-09-15,monmouth,Monmouth University,4.17,4.07,4.4007,0.0699
2026-09-15,moreno,Moreno Community College,0.0,7.78,0.0,0.1337
2026-09-15,nicc,Northeast Iowa Community College,0.0,1.3,0.0,0.0223
2026-09-15,norco,Norco Community College,0.0,0.74,0.0,0.0127
2026-09-15,nova,Nova SouthEastern University,0.0,65.32,0.0,1.1216
2026-09-15,ocu,Oakland City University,0.0,0.04,0.0,0.0008
2026-09-15,ornl,Oak Ridge National Laboratory,0.0,0.04,0.0,0.0008
2026-09-15,palomar,Palomar Community College,0.0,0.04,0.0,0.0008
2026-09-15,pasadena,Pasadena Community College,0.0,7.58,0.0,0.1302
2026-09-15,psu,Pennsylvania State University,0.0,17.72,0.0,0.3042
2026-09-15,redwoods,College of the Redwoods,0.0,0.03,0.0,0.0006
2026-09-15,reedley,Reedley Community College,0.0,0.07,0.0,0.0012
2026-09-15,riohondo,Rio Hondo Community College,0.0,0.03,0.0,0.0006
2026-09-15,saddleback,SaddleBack Community College,0.0,6.38,0.0,0.1095
2026-09-15,santiago,Santiago Canyon College,0.0,1.71,0.0,0.0294
2026-09-15,sbcc,Santa Barbara City College,0.0,15.46,0.0,0.2654
2026-09-15,shasta,Shasta College,0.0,0.04,0.0,0.0008
2026-09-15,sierra,Sierra Community College,0.0,2.53,0.0,0.0434
2026-09-15,sjcc,San Jose Community College,0.0,0.02,0.0,0.0004
2026-09-15,skyline,Skyline Community College,0.0,23.02,0.0,0.3953
2026-09-15,smc,Santa Monica College,0.0,5.15,0.0,0.0883
2026-09-15,sou,Southern Oregon University,0.0,0.04,0.0,0.0008
2026-09-15,spelman,Spelman College,0.0,24.93,0.0,0.4281
2026-09-15,srjc,Santa Rosa Junior College,0.0,24.6,0.0,0.4223
2026-09-15,staging,staging,0.0,0.03,0.0,0.0006
2026-09-15,tiffin,Tiffin University,0.0,0.04,0.0,0.0008
2026-09-15,tntech,Tennessee Technological University,0.0,0.04,0.0,0.0008
2026-09-15,toledo,University of Toledo,0.0,0.04,0.0,0.0008
2026-09-15,tuskegee,Tuskegee University,0.0,0.04,0.0,0.0008
2026-09-15,uams,University of Arkansas for Medical Sciences,0.0,8.05,0.0,0.1383
2026-09-15,umd,University of Maryland,0.0,32.3,0.0,0.5547
2026-09-15,unc-chapel-hill,University of North Carolina at Chapel Hill,0.0,858.46,0.0,14.7409
2026-09-15,uncw,University of North Carolina at Wilmington,0.0,0.04,0.0,0.0008
2026-09-15,und,University of North Dakota,0.0,0.04,0.0,0.0008
2026-09-15,uta,University of Texas at Arlington,0.0,1.21,0.0,0.0207
2026-09-15,uwyo,University of Wyoming,0.0,0.54,0.0,0.0092
2026-09-15,wcu,Western Carolina University,0.0,0.09,0.0,0.0015
2026-09-15,weber,Weber State University,0.0,0.04,0.0,0.0008
2026-09-15,willamette,Willamette University,0.0,0.04,0.0,0.0008
2026-09-15,wlac,West LA College,0.0,0.02,0.0,0.0004
2026-09-15,york,"York College, CUNY",0.0,19.19,0.0,0.3296
2026-09-16,bcc,Berkeley CC,0.0,45.3,0.0,1.0038
2026-09-16,boise,Boise State University,0.0,6.13,0.0,0.1358
2026-09-16,ccsf,Community College San Francisco,0.0,88.68,0.0,1.9652
2026-09-16,chaffey,Chaffey College,0.0,9.36,0.0,0.2074
2026-09-16,clarku,Clark University,18.0,2.24,17.9259,0.0496
2026-09-16,cmu,Carnegie Mellon University,0.0,1.79,0.0,0.0397
2026-09-16,csm,College of San Mateo,0.0,19.29,0.0,0.4275
2026-09-16,csusm,CSU San Marcos,0.0,11.36,0.0,0.2518
2026-09-16,elcamino,El Camino Community College,0.08,17.63,0.083,0.3906
2026-09-16,emich,Eastern Michigan University,28.17,1.16,28.0506,0.0258
2026-09-16,epcc,El Paso Community College,0.0,1.34,0.0,0.0297
2026-09-16,evc,Evergreen Community College,0.0,36.51,0.0,0.809
2026-09-16,foothill,Foothill Community College,0.0,1.88,0.0,0.0416
2026-09-16,fresno,Fresno Community College,0.0,3.67,0.0,0.0813
2026-09-16,glendale,Glendale Community College,0.0,20.89,0.0,0.463
2026-09-16,gpu-demo,gpu-demo,0.0,5.01,0.0,0.111
2026-09-16,gwu,George Washington University,0.0,106.7,0.0,2.3645
2026-09-16,humboldt,Cal Poly Humboldt,0.0,48.23,0.0,1.0687
2026-09-16,lacc,Los Angeles Community College,0.0,12.24,0.0,0.2711
2026-09-16,laney,Laney Community College,0.0,6.06,0.0,0.1343
2026-09-16,lbcc,Long Beach Community College,0.0,31.57,0.0,0.6997
2026-09-16,maine,University of Maine,0.0,10.84,0.0,0.2402
2026-09-16,miracosta,MiraCosta College,0.0,6.4,0.0,0.1418
2026-09-16,monmouth,Monmouth University,10.08,0.0,10.0418,0.0
2026-09-16,moreno,Moreno Community College,0.0,18.86,0.0,0.4179
2026-09-16,norco,Norco Community College,0.0,1.32,0.0,0.0292
2026-09-16,nova,Nova SouthEastern University,0.0,30.69,0.0,0.6801
2026-09-16,pasadena,Pasadena Community College,0.0,7.52,0.0,0.1666
2026-09-16,psu,Pennsylvania State University,0.0,7.74,0.0,0.1715
2026-09-16,saddleback,SaddleBack Community College,0.0,8.72,0.0,0.1933
2026-09-16,santiago,Santiago Canyon College,0.0,1.48,0.0,0.0327
2026-09-16,sbcc,Santa Barbara City College,0.0,22.24,0.0,0.4927
2026-09-16,sierra,Sierra Community College,0.0,7.83,0.0,0.1735
2026-09-16,skyline,Skyline Community College,0.0,34.16,0.0,0.7569
2026-09-16,smc,Santa Monica College,0.0,13.51,0.0,0.2994
2026-09-16,spelman,Spelman College,0.0,3.19,0.0,0.0706
2026-09-16,srjc,Santa Rosa Junior College,0.0,10.03,0.0,0.2223
2026-09-16,uams,University of Arkansas for Medical Sciences,0.0,21.39,0.0,0.4739
2026-09-16,umd,University of Maryland,0.0,4.56,0.0,0.1011
2026-09-16,unc-chapel-hill,University of North Carolina at Chapel Hill,0.0,1829.3,0.0,40.5361
2026-09-16,uta,University of Texas at Arlington,0.0,9.46,0.0,0.2097
2026-09-16,york,"York College, CUNY",0.0,28.36,0.0,0.6285
2026-09-17,bcc,Berkeley CC,0.0,30.53,0.0,0.527
2026-09-17,bmcc,"Borough of Manhattan Community College, CUNY",0.0,0.04,0.0,0.0008
2026-09-17,boise,Boise State University,0.0,16.46,0.0,0.2842
2026-09-17,calpolyslo,"California Polytechnic State University, San Luis Obispo",0.0,0.09,0.0,0.0015
2026-09-17,cau,Clarke Atlanta University,0.0,0.72,0.0,0.0124
2026-09-17,ccsf,Community College San Francisco,0.0,124.99,0.0,2.1573
2026-09-17,chabot,Chabot CC,0.0,0.02,0.0,0.0004
2026-09-17,chaffey,Chaffey College,0.0,29.83,0.0,0.5149
2026-09-17,clarku,Clark University,15.67,0.09,11.4068,0.0015
2026-09-17,cloud-county,Cloud County Community College,0.0,0.04,0.0,0.0008
2026-09-17,cmu,Carnegie Mellon University,0.0,0.09,0.0,0.0015
2026-09-17,csm,College of San Mateo,0.0,23.05,0.0,0.3979
2026-09-17,csusm,CSU San Marcos,0.0,11.72,0.0,0.2023
2026-09-17,deanza,DeAnza College,0.0,0.04,0.0,0.0008
2026-09-17,demo,demo,0.0,0.04,0.0,0.0008
2026-09-17,elac,East LA College,0.0,0.02,0.0,0.0004
2026-09-17,elcamino,El Camino Community College,0.0,114.62,0.0,1.9784
2026-09-17,emich,Eastern Michigan University,39.83,3.94,29.0023,0.068
2026-09-17,epcc,El Paso Community College,0.0,0.09,0.0,0.0015
2026-09-17,etsu,East Tennessee State,0.0,0.54,0.0,0.0093
2026-09-17,evc,Evergreen Community College,0.0,25.4,0.0,0.4384
2026-09-17,fgcu,Florida Gulf Coast University,0.0,0.09,0.0,0.0015
2026-09-17,foothill,Foothill Community College,0.0,1.74,0.0,0.0301
2026-09-17,fresno,Fresno Community College,0.0,2.75,0.0,0.0475
2026-09-17,fullertoncc,Fullerton College,0.0,0.04,0.0,0.0008
2026-09-17,glendale,Glendale Community College,0.0,6.44,0.0,0.1112
2026-09-17,golden,Golden West College,0.0,0.07,0.0,0.0012
2026-09-17,gpu-demo,gpu-demo,0.0,0.09,0.0,0.0015
2026-09-17,gssm,Governors School of Science and Math,0.0,0.03,0.0,0.0006
2026-09-17,gwu,George Washington University,0.0,75.36,0.0,1.3008
2026-09-17,humboldt,Cal Poly Humboldt,0.0,6.76,0.0,0.1166
2026-09-17,iit,Illinois Institute of Technology,0.0,0.09,0.0,0.0015
2026-09-17,iub,Indiana University Bloomington,0.0,0.04,0.0,0.0008
2026-09-17,ivytech,Ivy Tech Community College of Indiana,0.0,1.57,0.0,0.027
2026-09-17,kean,Kean University,0.0,0.09,0.0,0.0015
2026-09-17,lacc,Los Angeles Community College,0.0,1.48,0.0,0.0255
2026-09-17,laney,Laney Community College,0.0,17.18,0.0,0.2965
2026-09-17,lbcc,Long Beach Community College,0.0,22.38,0.0,0.3863
2026-09-17,maine,University of Maine,0.0,17.15,0.0,0.2959
2026-09-17,merced,Merced College,0.0,0.03,0.0,0.0006
2026-09-17,merritt,Merritt College,0.0,0.07,0.0,0.0012
2026-09-17,miracosta,MiraCosta College,0.0,1.77,0.0,0.0305
2026-09-17,mission,Mission College,0.0,0.03,0.0,0.0006
2026-09-17,monmouth,Monmouth University,17.92,1.97,13.045,0.034
2026-09-17,moreno,Moreno Community College,0.0,9.8,0.0,0.1691
2026-09-17,nicc,Northeast Iowa Community College,0.0,0.09,0.0,0.0015
2026-09-17,norco,Norco Community College,0.0,1.7,0.0,0.0293
2026-09-17,nova,Nova SouthEastern University,11.5,7.61,8.3731,0.1313
2026-09-17,oit,Oregon Institute of Technology,0.0,0.18,0.0,0.0031
2026-09-17,orangecoast,Orange Coast College,0.0,0.04,0.0,0.0008
2026-09-17,palomar,Palomar Community College,0.0,0.02,0.0,0.0004
2026-09-17,pasadena,Pasadena Community College,0.0,7.99,0.0,0.1378
2026-09-17,psu,Pennsylvania State University,0.0,31.41,0.0,0.5421
2026-09-17,ric,Rhode Island College,0.0,0.18,0.0,0.0031
2026-09-17,riohondo,Rio Hondo Community College,0.0,0.03,0.0,0.0006
2026-09-17,saddleback,SaddleBack Community College,0.0,5.0,0.0,0.0863
2026-09-17,santiago,Santiago Canyon College,0.0,3.05,0.0,0.0527
2026-09-17,sbcc,Santa Barbara City College,0.0,24.41,0.0,0.4212
2026-09-17,sierra,Sierra Community College,0.0,8.88,0.0,0.1533
2026-09-17,skyline,Skyline Community College,0.0,3.39,0.0,0.0585
2026-09-17,smc,Santa Monica College,0.0,12.66,0.0,0.2185
2026-09-17,spelman,Spelman College,0.0,5.77,0.0,0.0996
2026-09-17,srjc,Santa Rosa Junior College,0.0,17.25,0.0,0.2977
2026-09-17,staging,staging,0.0,0.03,0.0,0.0006
2026-09-17,tiffin,Tiffin University,0.0,0.04,0.0,0.0008
2026-09-17,toledo,University of Toledo,0.0,0.09,0.0,0.0015
2026-09-17,uams,University of Arkansas for Medical Sciences,0.0,4.03,0.0,0.0695
2026-09-17,umd,University of Maryland,0.0,1.7,0.0,0.0293
2026-09-17,unc-chapel-hill,University of North Carolina at Chapel Hill,0.0,1136.56,0.0,19.6167
2026-09-17,uncw,University of North Carolina at Wilmington,0.0,0.04,0.0,0.0008
2026-09-17,und,University of North Dakota,0.0,0.09,0.0,0.0015
2026-09-17,uta,University of Texas at Arlington,0.0,1.17,0.0,0.0203
2026-09-17,utpb,University of Texas at Permian Basin,0.0,0.04,0.0,0.0008
2026-09-17,uwyo,University of Wyoming,0.0,0.36,0.0,0.0062
2026-09-17,virginia,University of Virginia,0.0,0.81,0.0,0.0139
2026-09-17,whitman,Whitman College,0.0,0.18,0.0,0.0031
2026-09-17,york,"York College, CUNY",0.0,50.38,0.0,0.8695
2026-09-18,bcc,Berkeley CC,0.0,23.09,0.0,0.4853
2026-09-18,boise,Boise State University,0.0,12.75,0.0,0.268
2026-09-18,ccsf,Community College San Francisco,0.0,96.03,0.0,2.0186
2026-09-18,chaffey,Chaffey College,0.0,4.03,0.0,0.0846
2026-09-18,chaminade,Chaminade University of Honolulu,0.0,0.96,0.0,0.0202
2026-09-18,clarku,Clark University,30.67,12.97,22.4663,0.2727
2026-09-18,csm,College of San Mateo,0.0,0.47,0.0,0.0099
2026-09-18,csusm,CSU San Marcos,0.0,0.63,0.0,0.0132
2026-09-18,elcamino,El Camino Community College,0.0,16.11,0.0,0.3386
2026-09-18,emich,Eastern Michigan University,5.67,0.0,4.1514,0.0
2026-09-18,evc,Evergreen Community College,0.0,39.86,0.0,0.8379
2026-09-18,foothill,Foothill Community College,0.0,1.52,0.0,0.032
2026-09-18,fresno,Fresno Community College,0.0,6.93,0.0,0.1458
2026-09-18,glendale,Glendale Community College,0.0,10.45,0.0,0.2196
2026-09-18,gwu,George Washington University,0.0,20.33,0.0,0.4274
2026-09-18,humboldt,Cal Poly Humboldt,0.0,26.35,0.0,0.5539
2026-09-18,lacc,Los Angeles Community College,0.0,0.34,0.0,0.0071
2026-09-18,laney,Laney Community College,0.0,2.33,0.0,0.0489
2026-09-18,lbcc,Long Beach Community College,0.0,6.58,0.0,0.1382
2026-09-18,maine,University of Maine,0.0,24.39,0.0,0.5128
2026-09-18,miracosta,MiraCosta College,0.0,2.33,0.0,0.0489
2026-09-18,monmouth,Monmouth University,3.83,1.25,2.8083,0.0263
2026-09-18,moreno,Moreno Community College,0.0,27.04,0.0,0.5685
2026-09-18,norco,Norco Community College,0.0,6.31,0.0,0.1326
2026-09-18,nova,Nova SouthEastern University,12.67,27.2,9.2796,0.5718
2026-09-18,pasadena,Pasadena Community College,0.0,15.44,0.0,0.3244
2026-09-18,psu,Pennsylvania State University,0.0,4.21,0.0,0.0884
2026-09-18,saddleback,SaddleBack Community College,0.0,11.78,0.0,0.2476
2026-09-18,santiago,Santiago Canyon College,0.0,3.72,0.0,0.0783
2026-09-18,sbcc,Santa Barbara City College,0.0,17.31,0.0,0.3639
2026-09-18,sierra,Sierra Community College,0.0,4.41,0.0,0.0926
2026-09-18,skyline,Skyline Community College,0.0,1.11,0.0,0.0233
2026-09-18,smc,Santa Monica College,0.0,7.43,0.0,0.1561
2026-09-18,spelman,Spelman College,0.0,5.97,0.0,0.1255
2026-09-18,srjc,Santa Rosa Junior College,0.0,10.0,0.0,0.2102
2026-09-18,umd,University of Maryland,0.0,21.03,0.0,0.442
2026-09-18,unc-chapel-hill,University of North Carolina at Chapel Hill,0.0,1393.9,0.0,29.2998
2026-09-18,york,"York College, CUNY",0.0,2.06,0.0,0.0433
2026-09-19,bcc,Berkeley CC,0.0,9.7,0.0,0.2234
2026-09-19,boise,Boise State University,0.0,12.17,0.0,0.2803
2026-09-19,ccsf,Community College San Francisco,0.0,39.63,0.0,0.9128
2026-09-19,chaffey,Chaffey College,0.0,4.23,0.0,0.0974
2026-09-19,clarku,Clark University,13.75,0.0,8.689,0.0
2026-09-19,csm,College of San Mateo,0.0,1.54,0.0,0.0356
2026-09-19,elcamino,El Camino Community College,0.0,48.77,0.0,1.1233
2026-09-19,emich,Eastern Michigan University,5.42,0.63,3.4229,0.0144
2026-09-19,evc,Evergreen Community College,0.0,64.99,0.0,1.4971
2026-09-19,foothill,Foothill Community College,0.0,2.04,0.0,0.0469
2026-09-19,fresno,Fresno Community College,0.0,1.39,0.0,0.0319
2026-09-19,glendale,Glendale Community College,0.0,2.82,0.0,0.0649
2026-09-19,gwu,George Washington University,0.0,14.53,0.0,0.3347
2026-09-19,humboldt,Cal Poly Humboldt,0.0,4.56,0.0,0.1051
2026-09-19,lacc,Los Angeles Community College,0.0,1.34,0.0,0.0309
2026-09-19,laney,Laney Community College,0.0,7.87,0.0,0.1814
2026-09-19,lbcc,Long Beach Community College,0.0,10.54,0.0,0.2427
2026-09-19,monmouth,Monmouth University,0.58,2.95,0.3686,0.068
2026-09-19,moreno,Moreno Community College,0.0,11.04,0.0,0.2543
2026-09-19,norco,Norco Community College,0.0,8.12,0.0,0.187
2026-09-19,nova,Nova SouthEastern University,11.33,18.61,7.1618,0.4287
2026-09-19,pasadena,Pasadena Community College,0.0,16.14,0.0,0.3718
2026-09-19,psu,Pennsylvania State University,0.0,5.01,0.0,0.1154
2026-09-19,saddleback,SaddleBack Community College,0.0,19.9,0.0,0.4583
2026-09-19,santiago,Santiago Canyon College,0.0,0.4,0.0,0.0093
2026-09-19,sbcc,Santa Barbara City College,0.0,3.71,0.0,0.0855
2026-09-19,sierra,Sierra Community College,0.0,3.71,0.0,0.0855
2026-09-19,skyline,Skyline Community College,0.0,4.9,0.0,0.1128
2026-09-19,smc,Santa Monica College,0.0,46.04,0.0,1.0604
2026-09-19,spelman,Spelman College,0.0,4.6,0.0,0.1059
2026-09-19,srjc,Santa Rosa Junior College,0.0,8.25,0.0,0.1901
2026-09-19,unc-chapel-hill,University of North Carolina at Chapel Hill,0.0,209.74,0.0,4.8312
2026-09-20,bcc,Berkeley CC,0.0,1.21,0.0,0.0233
2026-09-20,boise,Boise State University,0.0,22.28,0.0,0.4302
2026-09-20,ccsf,Community College San Francisco,0.0,39.8,0.0,0.7683
2026-09-20,chaffey,Chaffey College,0.0,3.72,0.0,0.0719
2026-09-20,clarku,Clark University,22.58,0.0,12.9249,0.0
2026-09-20,csusm,CSU San Marcos,0.0,13.87,0.0,0.2678
2026-09-20,elcamino,El Camino Community College,4.67,21.92,2.6708,0.4233
2026-09-20,emich,Eastern Michigan University,30.67,0.0,17.5512,0.0
2026-09-20,evc,Evergreen Community College,0.0,46.84,0.0,0.9044
2026-09-20,foothill,Foothill Community College,0.0,1.23,0.0,0.0238
2026-09-20,fresno,Fresno Community College,0.0,5.26,0.0,0.1015
2026-09-20,glendale,Glendale Community College,0.0,4.36,0.0,0.0842
2026-09-20,gwu,George Washington University,0.0,41.24,0.0,0.7962
2026-09-20,humboldt,Cal Poly Humboldt,0.0,8.9,0.0,0.1719
2026-09-20,lacc,Los Angeles Community College,0.0,3.87,0.0,0.0747
2026-09-20,laney,Laney Community College,0.0,6.33,0.0,0.1222
2026-09-20,lbcc,Long Beach Community College,0.0,7.75,0.0,0.1496
2026-09-20,maine,University of Maine,0.0,0.6,0.0,0.0117
2026-09-20,monmouth,Monmouth University,5.42,0.0,3.1001,0.0
2026-09-20,moreno,Moreno Community College,0.0,22.21,0.0,0.4289
2026-09-20,norco,Norco Community College,0.0,21.25,0.0,0.4103
2026-09-20,nova,Nova SouthEastern University,0.75,43.4,0.4292,0.8379
2026-09-20,pasadena,Pasadena Community College,0.0,47.85,0.0,0.9238
2026-09-20,psu,Pennsylvania State University,0.0,8.1,0.0,0.1563
2026-09-20,saddleback,SaddleBack Community College,0.0,35.33,0.0,0.6822
2026-09-20,santiago,Santiago Canyon College,0.0,1.04,0.0,0.0201
2026-09-20,sbcc,Santa Barbara City College,0.0,1.39,0.0,0.0268
2026-09-20,sierra,Sierra Community College,0.0,7.11,0.0,0.1373
2026-09-20,skyline,Skyline Community College,0.0,16.27,0.0,0.3142
2026-09-20,smc,Santa Monica College,0.0,4.38,0.0,0.0847
2026-09-20,spelman,Spelman College,0.0,3.12,0.0,0.0602
2026-09-20,srjc,Santa Rosa Junior College,0.0,6.98,0.0,0.1347
2026-09-20,unc-chapel-hill,University of North Carolina at Chapel Hill,0.0,318.72,0.0,6.1536
2026-09-20,york,"York College, CUNY",0.0,8.14,0.0,0.1572
2026-09-21,bcc,Berkeley CC,0.0,68.05,0.0,1.2867
2026-09-21,boise,Boise State University,0.0,27.25,0.0,0.5152
2026-09-21,ccsf,Community College San Francisco,0.0,67.08,0.0,1.2683
2026-09-21,chaffey,Chaffey College,0.0,17.28,0.0,0.3268
2026-09-21,clarku,Clark University,17.5,1.16,15.2675,0.022
2026-09-21,csm,College of San Mateo,0.0,5.13,0.0,0.0971
2026-09-21,csusm,CSU San Marcos,0.0,19.86,0.0,0.3756
2026-09-21,elcamino,El Camino Community College,4.0,19.95,3.4897,0.3773
2026-09-21,emich,Eastern Michigan University,26.75,1.16,23.3374,0.022
2026-09-21,evc,Evergreen Community College,0.0,16.07,0.0,0.3039
2026-09-21,foothill,Foothill Community College,0.0,5.01,0.0,0.0947
2026-09-21,fresno,Fresno Community College,0.0,6.08,0.0,0.1151
2026-09-21,glendale,Glendale Community College,0.0,18.77,0.0,0.3549
2026-09-21,gwu,George Washington University,0.0,165.83,0.0,3.1356
2026-09-21,humboldt,Cal Poly Humboldt,0.0,105.76,0.0,1.9999
2026-09-21,lacc,Los Angeles Community College,0.0,14.85,0.0,0.2809
2026-09-21,laney,Laney Community College,0.0,13.53,0.0,0.2559
2026-09-21,lbcc,Long Beach Community College,0.0,19.36,0.0,0.3661
2026-09-21,maine,University of Maine,0.0,3.59,0.0,0.0679
2026-09-21,miracosta,MiraCosta College,0.0,4.65,0.0,0.088
2026-09-21,monmouth,Monmouth University,0.0,9.66,0.0,0.1827
2026-09-21,moreno,Moreno Community College,0.0,11.01,0.0,0.2081
2026-09-21,norco,Norco Community College,0.0,6.89,0.0,0.1303
2026-09-21,nova,Nova SouthEastern University,6.75,7.87,5.8889,0.1489
2026-09-21,pasadena,Pasadena Community College,0.0,6.31,0.0,0.1193
2026-09-21,psu,Pennsylvania State University,0.0,4.7,0.0,0.0888
2026-09-21,saddleback,SaddleBack Community College,0.0,3.62,0.0,0.0685
2026-09-21,santiago,Santiago Canyon College,0.0,3.66,0.0,0.0692
2026-09-21,sbcc,Santa Barbara City College,0.0,14.32,0.0,0.2707
2026-09-21,sierra,Sierra Community College,0.0,5.03,0.0,0.0952
2026-09-21,skyline,Skyline Community College,0.0,30.0,0.0,0.5672
2026-09-21,smc,Santa Monica College,0.0,4.65,0.0,0.088
2026-09-21,spelman,Spelman College,0.0,30.03,0.0,0.5679
2026-09-21,srjc,Santa Rosa Junior College,0.0,18.35,0.0,0.3471
2026-09-21,tntech,Tennessee Technological University,0.0,12.97,0.0,0.2453
2026-09-21,uams,University of Arkansas for Medical Sciences,0.0,29.35,0.0,0.555
2026-09-21,umd,University of Maryland,0.0,9.66,0.0,0.1827
2026-09-21,unc-chapel-hill,University of North Carolina at Chapel Hill,0.0,549.76,0.0,10.3952
2026-09-21,uta,University of Texas at Arlington,0.0,1.78,0.0,0.0336
2026-09-21,york,"York College, CUNY",0.0,6.08,0.0,0.1151
2026-09-22,bcc,Berkeley CC,0.0,28.45,0.0,0.4104
2026-09-22,boise,Boise State University,0.0,17.63,0.0,0.2542
2026-09-22,ccsf,Community College San Francisco,0.0,109.62,0.0,1.5811
2026-09-22,chabot,Chabot CC,0.0,0.36,0.0,0.0052
2026-09-22,chaffey,Chaffey College,0.0,9.33,0.0,0.1345
2026-09-22,clarku,Clark University,16.08,0.0,9.2342,0.0
2026-09-22,csm,College of San Mateo,0.0,7.31,0.0,0.1055
2026-09-22,csusm,CSU San Marcos,0.0,36.15,0.0,0.5214
2026-09-22,elcamino,El Camino Community College,6.33,131.26,3.6363,1.8932
2026-09-22,emich,Eastern Michigan University,39.92,2.86,22.918,0.0413
2026-09-22,evc,Evergreen Community College,0.0,25.33,0.0,0.3654
2026-09-22,foothill,Foothill Community College,0.0,10.22,0.0,0.1474
2026-09-22,fresno,Fresno Community College,0.0,2.82,0.0,0.0407
2026-09-22,glendale,Glendale Community College,0.0,3.02,0.0,0.0436
2026-09-22,gwu,George Washington University,0.0,107.47,0.0,1.5501
2026-09-22,humboldt,Cal Poly Humboldt,0.0,51.67,0.0,0.7453
2026-09-22,lacc,Los Angeles Community College,0.0,4.23,0.0,0.061
2026-09-22,laney,Laney Community College,0.0,16.4,0.0,0.2365
2026-09-22,lbcc,Long Beach Community College,0.0,10.33,0.0,0.1491
2026-09-22,maine,University of Maine,0.0,18.62,0.0,0.2686
2026-09-22,miracosta,MiraCosta College,0.0,4.23,0.0,0.061
2026-09-22,monmouth,Monmouth University,9.58,15.3,5.5022,0.2207
2026-09-22,moreno,Moreno Community College,0.0,8.42,0.0,0.1215
2026-09-22,norco,Norco Community College,0.0,0.38,0.0,0.0055
2026-09-22,nova,Nova SouthEastern University,50.67,40.53,29.09,0.5846
2026-09-22,pasadena,Pasadena Community College,0.0,7.55,0.0,0.1089
2026-09-22,psu,Pennsylvania State University,0.0,13.65,0.0,0.1968
2026-09-22,saddleback,SaddleBack Community College,0.0,3.15,0.0,0.0455
2026-09-22,santiago,Santiago Canyon College,0.0,4.46,0.0,0.0644
2026-09-22,sbcc,Santa Barbara City College,0.0,18.95,0.0,0.2733
2026-09-22,sierra,Sierra Community College,0.0,2.37,0.0,0.0342
2026-09-22,skyline,Skyline Community College,0.0,14.9,0.0,0.2149
2026-09-22,smc,Santa Monica College,0.0,9.66,0.0,0.1394
2026-09-22,spelman,Spelman College,0.0,20.17,0.0,0.2909
2026-09-22,srjc,Santa Rosa Junior College,0.0,27.41,0.0,0.3954
2026-09-22,uams,University of Arkansas for Medical Sciences,0.0,4.29,0.0,0.0619
2026-09-22,umd,University of Maryland,0.0,24.16,0.0,0.3485
2026-09-22,unc-chapel-hill,University of North Carolina at Chapel Hill,0.0,1106.49,0.0,15.959
2026-09-22,wcu,Western Carolina University,0.0,0.09,0.0,0.0013
2026-09-22,whitman,Whitman College,0.0,2.51,0.0,0.0361
2026-09-22,york,"York College, CUNY",0.0,57.0,0.0,0.8221
2026-09-23,bcc,Berkeley CC,0.0,38.79,0.0,0.7499
2026-09-23,boise,Boise State University,0.0,5.77,0.0,0.1116
2026-09-23,ccsf,Community College San Francisco,0.0,90.19,0.0,1.7437
2026-09-23,chaffey,Chaffey College,0.0,12.11,0.0,0.2342
2026-09-23,clarku,Clark University,53.08,0.0,36.756,0.0
2026-09-23,csm,College of San Mateo,0.0,22.55,0.0,0.4359
2026-09-23,csusm,CSU San Marcos,10.42,38.3,7.2127,0.7404
2026-09-23,elcamino,El Camino Community College,2.75,11.18,1.9042,0.2162
2026-09-23,emich,Eastern Michigan University,21.58,0.0,14.9448,0.0
2026-09-23,evc,Evergreen Community College,0.0,22.41,0.0,0.4333
2026-09-23,foothill,Foothill Community College,0.0,11.41,0.0,0.2206
2026-09-23,fresno,Fresno Community College,0.0,2.8,0.0,0.0541
2026-09-23,glendale,Glendale Community College,0.0,20.2,0.0,0.3905
2026-09-23,gwu,George Washington University,0.0,137.0,0.0,2.6486
2026-09-23,humboldt,Cal Poly Humboldt,0.0,28.1,0.0,0.5432
2026-09-23,lacc,Los Angeles Community College,0.0,18.45,0.0,0.3568
2026-09-23,laney,Laney Community College,0.0,41.2,0.0,0.7966
2026-09-23,lbcc,Long Beach Community College,0.0,16.14,0.0,0.312
2026-09-23,maine,University of Maine,0.0,1.68,0.0,0.0324
2026-09-23,miracosta,MiraCosta College,0.0,1.86,0.0,0.0359
2026-09-23,monmouth,Monmouth University,2.83,12.17,1.9619,0.2353
2026-09-23,moreno,Moreno Community College,0.0,18.59,0.0,0.3594
2026-09-23,norco,Norco Community College,0.0,0.56,0.0,0.0108
2026-09-23,nova,Nova SouthEastern University,11.5,1.43,7.9628,0.0277
2026-09-23,pasadena,Pasadena Community College,0.0,2.28,0.0,0.0441
2026-09-23,psu,Pennsylvania State University,0.0,0.85,0.0,0.0164
2026-09-23,saddleback,SaddleBack Community College,0.0,3.42,0.0,0.0662
2026-09-23,santiago,Santiago Canyon College,0.0,0.6,0.0,0.0117
2026-09-23,sbcc,Santa Barbara City College,0.0,27.89,0.0,0.5393
2026-09-23,sierra,Sierra Community College,0.0,4.54,0.0,0.0878
2026-09-23,skyline,Skyline Community College,0.0,27.62,0.0,0.5339
2026-09-23,smc,Santa Monica College,0.0,3.76,0.0,0.0727
2026-09-23,sou,Southern Oregon University,0.0,5.46,0.0,0.1055
2026-09-23,spelman,Spelman College,0.0,4.53,0.0,0.0876
2026-09-23,srjc,Santa Rosa Junior College,0.0,3.29,0.0,0.0636
2026-09-23,umd,University of Maryland,0.0,5.19,0.0,0.1003
2026-09-23,unc-chapel-hill,University of North Carolina at Chapel Hill,0.0,1940.61,0.0,37.5168
2026-09-23,york,"York College, CUNY",0.0,4.21,0.0,0.0813
2026-09-24,bcc,Berkeley CC,0.0,28.22,0.0,0.4925
2026-09-24,berea,Berea College,0.0,0.04,0.0,0.0008
2026-09-24,boise,Boise State University,0.0,3.85,0.0,0.0672
2026-09-24,cau,Clarke Atlanta University,0.0,0.36,0.0,0.0062
2026-09-24,ccsf,Community College San Francisco,0.0,93.92,0.0,1.6392
2026-09-24,chaffey,Chaffey College,0.0,14.6,0.0,0.2547
2026-09-24,clarku,Clark University,67.67,0.45,35.8724,0.0078
2026-09-24,cloud-county,Cloud County Community College,0.0,0.04,0.0,0.0008
2026-09-24,csm,College of San Mateo,0.0,34.23,0.0,0.5973
2026-09-24,csusm,CSU San Marcos,0.75,12.88,0.3976,0.2249
2026-09-24,elcamino,El Camino Community College,4.25,125.18,2.2531,2.1848
2026-09-24,emich,Eastern Michigan University,86.5,4.56,45.8566,0.0796
2026-09-24,etsu,East Tennessee State,0.0,0.36,0.0,0.0062
2026-09-24,evc,Evergreen Community College,0.0,36.54,0.0,0.6378
2026-09-24,foothill,Foothill Community College,0.0,16.6,0.0,0.2897
2026-09-24,fresno,Fresno Community College,0.0,0.69,0.0,0.0121
2026-09-24,glendale,Glendale Community College,0.0,7.43,0.0,0.1296
2026-09-24,gwu,George Washington University,0.0,131.26,0.0,2.291
2026-09-24,humboldt,Cal Poly Humboldt,0.0,12.62,0.0,0.2202
2026-09-24,kean,Kean University,0.0,0.09,0.0,0.0016
2026-09-24,lacc,Los Angeles Community College,0.0,1.14,0.0,0.0199
2026-09-24,laney,Laney Community College,0.0,23.56,0.0,0.4111
2026-09-24,lbcc,Long Beach Community College,0.0,21.68,0.0,0.3783
2026-09-24,maine,University of Maine,0.0,11.37,0.0,0.1985
2026-09-24,miracosta,MiraCosta College,0.0,1.03,0.0,0.018
2026-09-24,monmouth,Monmouth University,27.5,31.94,14.5787,0.5575
2026-09-24,moreno,Moreno Community College,0.0,11.95,0.0,0.2085
2026-09-24,norco,Norco Community College,0.0,0.76,0.0,0.0133
2026-09-24,nova,Nova SouthEastern University,2.83,9.66,1.502,0.1687
2026-09-24,ocu,Oakland City University,0.0,0.04,0.0,0.0008
2026-09-24,orangecoast,Orange Coast College,0.0,0.04,0.0,0.0008
2026-09-24,pasadena,Pasadena Community College,0.0,14.03,0.0,0.2448
2026-09-24,psu,Pennsylvania State University,0.0,25.99,0.0,0.4537
2026-09-24,riohondo,Rio Hondo Community College,0.0,0.03,0.0,0.0006
2026-09-24,saddleback,SaddleBack Community College,0.0,6.95,0.0,0.1212
2026-09-24,santiago,Santiago Canyon College,0.0,4.56,0.0,0.0796
2026-09-24,sbcc,Santa Barbara City College,0.0,17.07,0.0,0.2979
2026-09-24,shasta,Shasta College,0.0,6.58,0.0,0.1148
2026-09-24,sierra,Sierra Community College,0.0,3.62,0.0,0.0632
2026-09-24,skyline,Skyline Community College,0.0,7.72,0.0,0.1347
2026-09-24,smc,Santa Monica College,0.0,6.49,0.0,0.1132
2026-09-24,sou,Southern Oregon University,0.0,5.55,0.0,0.0968
2026-09-24,spelman,Spelman College,0.0,9.29,0.0,0.1622
2026-09-24,srjc,Santa Rosa Junior College,0.0,10.64,0.0,0.1856
2026-09-24,tntech,Tennessee Technological University,0.0,0.09,0.0,0.0016
2026-09-24,tuskegee,Tuskegee University,0.0,0.02,0.0,0.0004
2026-09-24,uams,University of Arkansas for Medical Sciences,0.0,3.85,0.0,0.0672
2026-09-24,umd,University of Maryland,0.0,4.38,0.0,0.0765
2026-09-24,unc-chapel-hill,University of North Carolina at Chapel Hill,0.0,1256.64,0.0,21.9323
2026-09-24,uta,University of Texas at Arlington,0.0,0.03,0.0,0.0006
2026-09-24,uwyo,University of Wyoming,0.0,0.18,0.0,0.0031
2026-09-24,virginia,University of Virginia,0.0,0.81,0.0,0.0141
2026-09-24,whitman,Whitman College,0.0,0.18,0.0,0.0031
2026-09-24,wlac,West LA College,0.0,0.02,0.0,0.0004
2026-09-24,york,"York College, CUNY",0.0,46.53,0.0,0.8121
2026-09-25,bcc,Berkeley CC,0.0,17.08,0.0,0.4059
2026-09-25,boise,Boise State University,0.0,3.49,0.0,0.0829
2026-09-25,ccsf,Community College San Francisco,0.0,88.95,0.0,2.114
2026-09-25,chaffey,Chaffey College,0.0,3.09,0.0,0.0734
2026-09-25,clarku,Clark University,81.33,0.0,43.7477,0.0
2026-09-25,cmu,Carnegie Mellon University,0.0,1.79,0.0,0.0425
2026-09-25,csm,College of San Mateo,0.0,3.52,0.0,0.0837
2026-09-25,csusm,CSU San Marcos,0.0,2.06,0.0,0.0489
2026-09-25,elcamino,El Camino Community College,0.0,23.17,0.0,0.5508
2026-09-25,emich,Eastern Michigan University,29.42,0.0,15.8227,0.0
2026-09-25,evc,Evergreen Community College,0.0,26.0,0.0,0.618
2026-09-25,foothill,Foothill Community College,0.0,32.79,0.0,0.7794
2026-09-25,fresno,Fresno Community College,0.0,5.46,0.0,0.1297
2026-09-25,glendale,Glendale Community College,0.0,8.03,0.0,0.1909
2026-09-25,gwu,George Washington University,0.0,64.66,0.0,1.5366
2026-09-25,high,High School,0.0,22.41,0.0,0.5327
2026-09-25,humboldt,Cal Poly Humboldt,0.0,25.9,0.0,0.6156
2026-09-25,lacc,Los Angeles Community College,0.0,1.7,0.0,0.0404
2026-09-25,laney,Laney Community College,0.0,3.96,0.0,0.0941
2026-09-25,lbcc,Long Beach Community College,0.0,18.69,0.0,0.4442
2026-09-25,maine,University of Maine,0.0,15.57,0.0,0.37
2026-09-25,miracosta,MiraCosta College,0.0,4.52,0.0,0.1074
2026-09-25,monmouth,Monmouth University,3.5,4.03,1.8826,0.0957
2026-09-25,moreno,Moreno Community College,0.0,20.07,0.0,0.4769
2026-09-25,norco,Norco Community College,0.0,3.11,0.0,0.0739
2026-09-25,nova,Nova SouthEastern University,7.75,28.36,4.1686,0.6741
2026-09-25,orangecoast,Orange Coast College,0.0,0.04,0.0,0.0011
2026-09-25,ornl,Oak Ridge National Laboratory,0.0,0.04,0.0,0.0011
2026-09-25,pasadena,Pasadena Community College,0.0,2.42,0.0,0.0574
2026-09-25,psu,Pennsylvania State University,0.0,1.61,0.0,0.0383
2026-09-25,saddleback,SaddleBack Community College,0.0,12.25,0.0,0.2911
2026-09-25,santiago,Santiago Canyon College,0.0,3.29,0.0,0.0781
2026-09-25,sbcc,Santa Barbara City College,0.0,16.02,0.0,0.3806
2026-09-25,shasta,Shasta College,0.0,7.29,0.0,0.1733
2026-09-25,sierra,Sierra Community College,0.0,5.93,0.0,0.1409
2026-09-25,sjcc,San Jose Community College,0.0,0.02,0.0,0.0005
2026-09-25,skyline,Skyline Community College,0.0,1.21,0.0,0.0287
2026-09-25,smc,Santa Monica College,0.0,7.83,0.0,0.1861
2026-09-25,sou,Southern Oregon University,1.17,14.32,0.6275,0.3402
2026-09-25,spelman,Spelman College,0.0,7.48,0.0,0.1778
2026-09-25,srjc,Santa Rosa Junior College,0.0,4.9,0.0,0.1164
2026-09-25,tiffin,Tiffin University,0.0,0.04,0.0,0.0011
2026-09-25,tntech,Tennessee Technological University,0.0,2.86,0.0,0.068
2026-09-25,toledo,University of Toledo,0.0,0.04,0.0,0.0011
2026-09-25,umd,University of Maryland,0.0,0.09,0.0,0.0021
2026-09-25,unc-chapel-hill,University of North Carolina at Chapel Hill,0.0,960.64,0.0,22.8298
2026-09-25,uncw,University of North Carolina at Wilmington,0.0,0.04,0.0,0.0011
2026-09-25,uta,University of Texas at Arlington,0.0,0.03,0.0,0.0008
2026-09-25,utpb,University of Texas at Permian Basin,0.0,0.04,0.0,0.0011
2026-09-25,uwyo,University of Wyoming,0.0,0.18,0.0,0.0043
2026-09-25,virginia,University of Virginia,0.0,0.03,0.0,0.0008
2026-09-25,weber,Weber State University,0.0,0.04,0.0,0.0011
2026-09-25,whitman,Whitman College,0.0,0.09,0.0,0.0021
2026-09-25,willamette,Willamette University,0.0,0.04,0.0,0.0011
2026-09-25,wlac,West LA College,0.0,0.02,0.0,0.0005
2026-09-25,york,"York College, CUNY",0.0,0.09,0.0,0.0021
2026-09-26,bcc,Berkeley CC,0.0,12.82,0.0,0.2409
2026-09-26,boise,Boise State University,0.0,7.16,0.0,0.1345
2026-09-26,ccsf,Community College San Francisco,0.0,37.75,0.0,0.7094
2026-09-26,chaffey,Chaffey College,0.0,3.86,0.0,0.0725
2026-09-26,clarku,Clark University,15.25,0.0,10.1098,0.0
2026-09-26,csm,College of San Mateo,0.0,4.33,0.0,0.0813
2026-09-26,elcamino,El Camino Community College,0.0,22.01,0.0,0.4137
2026-09-26,emich,Eastern Michigan University,26.58,0.0,17.623,0.0
2026-09-26,evc,Evergreen Community College,0.0,83.25,0.0,1.5645
2026-09-26,foothill,Foothill Community College,0.0,25.86,0.0,0.486
2026-09-26,fresno,Fresno Community College,0.0,3.4,0.0,0.0639
2026-09-26,glendale,Glendale Community College,0.0,0.83,0.0,0.0156
2026-09-26,gwu,George Washington University,0.0,1.44,0.0,0.0271
2026-09-26,humboldt,Cal Poly Humboldt,0.0,7.2,0.0,0.1354
2026-09-26,lacc,Los Angeles Community College,0.0,0.94,0.0,0.0177
2026-09-26,laney,Laney Community College,0.0,0.67,0.0,0.0126
2026-09-26,lbcc,Long Beach Community College,0.0,15.44,0.0,0.2901
2026-09-26,maine,University of Maine,0.0,9.66,0.0,0.1816
2026-09-26,miracosta,MiraCosta College,0.0,0.63,0.0,0.0118
2026-09-26,monmouth,Monmouth University,2.67,0.0,1.7678,0.0
2026-09-26,moreno,Moreno Community College,0.0,20.13,0.0,0.3784
2026-09-26,norco,Norco Community College,0.0,8.21,0.0,0.1543
2026-09-26,nova,Nova SouthEastern University,0.0,26.04,0.0,0.4893
2026-09-26,pasadena,Pasadena Community College,0.0,4.97,0.0,0.0933
2026-09-26,psu,Pennsylvania State University,0.0,2.68,0.0,0.0504
2026-09-26,saddleback,SaddleBack Community College,0.0,25.8,0.0,0.4849
2026-09-26,santiago,Santiago Canyon College,0.0,0.23,0.0,0.0044
2026-09-26,sbcc,Santa Barbara City College,0.0,7.9,0.0,0.1484
2026-09-26,shasta,Shasta College,0.0,0.67,0.0,0.0126
2026-09-26,sierra,Sierra Community College,0.0,4.81,0.0,0.0904
2026-09-26,skyline,Skyline Community College,0.0,4.87,0.0,0.0914
2026-09-26,smc,Santa Monica College,0.0,39.06,0.0,0.734
2026-09-26,sou,Southern Oregon University,0.0,12.97,0.0,0.2438
2026-09-26,spelman,Spelman College,0.0,4.87,0.0,0.0914
2026-09-26,srjc,Santa Rosa Junior College,0.0,20.54,0.0,0.3859
2026-09-26,unc-chapel-hill,University of North Carolina at Chapel Hill,0.0,298.86,0.0,5.6166
2026-09-26,york,"York College, CUNY",0.0,1.88,0.0,0.0353
2026-09-27,bcc,Berkeley CC,0.0,14.06,0.0,0.2363
2026-09-27,boise,Boise State University,0.0,15.7,0.0,0.2639
2026-09-27,ccsf,Community College San Francisco,0.0,32.04,0.0,0.5386
2026-09-27,chaffey,Chaffey College,0.0,3.89,0.0,0.0654
2026-09-27,clarku,Clark University,17.92,0.0,11.7912,0.0
2026-09-27,csm,College of San Mateo,0.0,13.72,0.0,0.2307
2026-09-27,elcamino,El Camino Community College,0.0,30.51,0.0,0.5128
2026-09-27,emich,Eastern Michigan University,5.75,0.0,3.7841,0.0
2026-09-27,evc,Evergreen Community College,0.0,43.99,0.0,0.7393
2026-09-27,foothill,Foothill Community College,0.0,31.5,0.0,0.5294
2026-09-27,fresno,Fresno Community College,0.0,6.51,0.0,0.1094
2026-09-27,glendale,Glendale Community College,0.0,2.55,0.0,0.0429
2026-09-27,gwu,George Washington University,0.0,7.58,0.0,0.1275
2026-09-27,humboldt,Cal Poly Humboldt,0.0,39.42,0.0,0.6625
2026-09-27,lacc,Los Angeles Community College,0.0,4.41,0.0,0.0741
2026-09-27,laney,Laney Community College,0.0,0.94,0.0,0.0158
2026-09-27,lbcc,Long Beach Community College,0.0,14.76,0.0,0.2481
2026-09-27,miracosta,MiraCosta College,0.0,0.31,0.0,0.0053
2026-09-27,monmouth,Monmouth University,1.25,3.67,0.8226,0.0617
2026-09-27,moreno,Moreno Community College,0.0,15.74,0.0,0.2645
2026-09-27,norco,Norco Community College,0.0,20.11,0.0,0.338
2026-09-27,nova,Nova SouthEastern University,9.67,72.92,6.3617,1.2257
2026-09-27,pasadena,Pasadena Community College,0.0,6.04,0.0,0.1015
2026-09-27,psu,Pennsylvania State University,0.0,14.72,0.0,0.2474
2026-09-27,saddleback,SaddleBack Community College,0.0,39.19,0.0,0.6587
2026-09-27,santiago,Santiago Canyon College,0.0,2.85,0.0,0.0479
2026-09-27,sbcc,Santa Barbara City College,0.0,6.17,0.0,0.1038
2026-09-27,sierra,Sierra Community College,0.0,0.58,0.0,0.0098
2026-09-27,skyline,Skyline Community College,0.0,25.37,0.0,0.4264
2026-09-27,smc,Santa Monica College,0.0,6.71,0.0,0.1128
2026-09-27,sou,Southern Oregon University,0.0,22.46,0.0,0.3775
2026-09-27,spelman,Spelman College,0.0,3.56,0.0,0.0598
2026-09-27,srjc,Santa Rosa Junior College,0.0,15.67,0.0,0.2634
2026-09-27,uams,University of Arkansas for Medical Sciences,0.0,1.7,0.0,0.0286
2026-09-27,unc-chapel-hill,University of North Carolina at Chapel Hill,0.0,555.84,0.0,9.3422
2026-09-27,york,"York College, CUNY",0.0,9.22,0.0,0.1549
2026-09-28,bcc,Berkeley CC,0.0,45.3,0.0,0.7999
2026-09-28,boise,Boise State University,0.0,16.73,0.0,0.2955
2026-09-28,ccsf,Community College San Francisco,0.0,56.37,0.0,0.9955
2026-09-28,chabot,Chabot CC,0.0,1.05,0.0,0.0186
2026-09-28,chaffey,Chaffey College,0.0,15.17,0.0,0.2678
2026-09-28,clarku,Clark University,9.25,0.0,7.9995,0.0
2026-09-28,csm,College of San Mateo,0.0,15.17,0.0,0.2678
2026-09-28,elcamino,El Camino Community College,0.0,52.17,0.0,0.9212
2026-09-28,emich,Eastern Michigan University,15.67,1.52,13.5487,0.0269
2026-09-28,evc,Evergreen Community College,0.0,32.75,0.0,0.5783
2026-09-28,foothill,Foothill Community College,0.0,54.9,0.0,0.9694
2026-09-28,fresno,Fresno Community College,0.0,15.5,0.0,0.2738
2026-09-28,glendale,Glendale Community College,0.0,15.73,0.0,0.2777
2026-09-28,gwu,George Washington University,0.0,98.42,0.0,1.7379
2026-09-28,hmc,Harvey Mudd College,0.0,0.04,0.0,0.0008
2026-09-28,humboldt,Cal Poly Humboldt,0.0,100.13,0.0,1.7681
2026-09-28,lacc,Los Angeles Community College,0.0,12.17,0.0,0.2149
2026-09-28,laney,Laney Community College,0.0,4.88,0.0,0.0861
2026-09-28,lbcc,Long Beach Community College,0.0,24.6,0.0,0.4343
2026-09-28,maine,University of Maine,0.0,57.71,0.0,1.0192
2026-09-28,miracosta,MiraCosta College,0.0,4.79,0.0,0.0845
2026-09-28,monmouth,Monmouth University,2.58,15.21,2.2341,0.2686
2026-09-28,moreno,Moreno Community College,0.0,9.6,0.0,0.1695
2026-09-28,norco,Norco Community College,0.0,7.74,0.0,0.1367
2026-09-28,nova,Nova SouthEastern University,16.17,34.72,13.9811,0.6131
2026-09-28,orangecoast,Orange Coast College,0.0,0.04,0.0,0.0008
2026-09-28,pasadena,Pasadena Community College,0.0,5.07,0.0,0.0895
2026-09-28,psu,Pennsylvania State University,0.0,11.5,0.0,0.203
2026-09-28,reedley,Reedley Community College,0.0,0.03,0.0,0.0006
2026-09-28,saddleback,SaddleBack Community College,0.0,11.78,0.0,0.208
2026-09-28,santiago,Santiago Canyon College,0.0,0.44,0.0,0.0077
2026-09-28,sbcc,Santa Barbara City College,0.0,12.88,0.0,0.2275
2026-09-28,shasta,Shasta College,0.0,1.34,0.0,0.0237
2026-09-28,sierra,Sierra Community College,0.0,2.86,0.0,0.0506
2026-09-28,sjcc,San Jose Community College,0.0,0.02,0.0,0.0004
2026-09-28,skyline,Skyline Community College,0.0,49.29,0.0,0.8704
2026-09-28,smc,Santa Monica College,0.0,0.81,0.0,0.0142
2026-09-28,sou,Southern Oregon University,0.0,6.08,0.0,0.1074
2026-09-28,spelman,Spelman College,0.0,10.44,0.0,0.1843
2026-09-28,srjc,Santa Rosa Junior College,0.0,23.29,0.0,0.4112
2026-09-28,toledo,University of Toledo,0.0,0.04,0.0,0.0008
2026-09-28,uams,University of Arkansas for Medical Sciences,0.0,43.4,0.0,0.7663
2026-09-28,umd,University of Maryland,0.0,0.09,0.0,0.0016
2026-09-28,unc-chapel-hill,University of North Carolina at Chapel Hill,0.0,1801.56,0.0,31.8135
2026-09-28,uncw,University of North Carolina at Wilmington,0.0,0.04,0.0,0.0008
2026-09-28,uta,University of Texas at Arlington,0.0,4.13,0.0,0.0729
2026-09-28,uwyo,University of Wyoming,0.0,0.18,0.0,0.0032
2026-09-28,whitman,Whitman College,0.0,0.09,0.0,0.0016
2026-09-28,willamette,Willamette University,0.0,0.04,0.0,0.0008
2026-09-28,york,"York College, CUNY",0.0,19.86,0.0,0.3508
2026-09-29,bcc,Berkeley CC,0.0,20.37,0.0,0.3066
2026-09-29,boise,Boise State University,0.0,12.97,0.0,0.1953
2026-09-29,ccsf,Community College San Francisco,0.0,86.57,0.0,1.3032
2026-09-29,chaffey,Chaffey College,0.0,4.19,0.0,0.0631
2026-09-29,chaminade,Chaminade University of Honolulu,0.0,0.02,0.0,0.0003
2026-09-29,chicagostate,Chicago State University,0.0,0.04,0.0,0.0007
2026-09-29,clarku,Clark University,9.58,0.0,6.2631,0.0
2026-09-29,csm,College of San Mateo,0.0,10.77,0.0,0.1621
2026-09-29,csusm,CSU San Marcos,0.0,0.18,0.0,0.0027
2026-09-29,elcamino,El Camino Community College,3.92,69.79,2.5597,1.0507
2026-09-29,emich,Eastern Michigan University,38.33,1.52,25.0523,0.0229
2026-09-29,evc,Evergreen Community College,0.0,42.75,0.0,0.6435
2026-09-29,foothill,Foothill Community College,0.0,30.62,0.0,0.461
2026-09-29,fresno,Fresno Community College,0.0,2.33,0.0,0.035
2026-09-29,glendale,Glendale Community College,0.0,8.93,0.0,0.1344
2026-09-29,gwu,George Washington University,0.0,85.6,0.0,1.2886
2026-09-29,hmc,Harvey Mudd College,0.0,0.09,0.0,0.0013
2026-09-29,howard,Howard University,0.0,0.03,0.0,0.0005
2026-09-29,humboldt,Cal Poly Humboldt,0.0,46.39,0.0,0.6984
2026-09-29,kean,Kean University,0.0,0.04,0.0,0.0007
2026-09-29,lacc,Los Angeles Community College,0.0,12.5,0.0,0.1882
2026-09-29,lahc,lahc,0.0,0.02,0.0,0.0003
2026-09-29,laney,Laney Community College,0.0,13.18,0.0,0.1983
2026-09-29,laspositas,Las Positas College,0.0,0.09,0.0,0.0013
2026-09-29,lbcc,Long Beach Community College,0.0,13.05,0.0,0.1965
2026-09-29,maine,University of Maine,0.0,69.79,0.0,1.0507
2026-09-29,mendocino,Mendocino College,0.0,0.09,0.0,0.0013
2026-09-29,merced,Merced College,0.0,0.03,0.0,0.0005
2026-09-29,monmouth,Monmouth University,8.5,0.09,5.5551,0.0013
2026-09-29,moreno,Moreno Community College,0.0,3.62,0.0,0.0546
2026-09-29,norco,Norco Community College,0.0,3.83,0.0,0.0576
2026-09-29,nova,Nova SouthEastern University,0.0,28.1,0.0,0.423
2026-09-29,oit,Oregon Institute of Technology,0.0,0.09,0.0,0.0013
2026-09-29,ornl,Oak Ridge National Laboratory,0.0,0.04,0.0,0.0007
2026-09-29,palomar,Palomar Community College,0.0,0.04,0.0,0.0007
2026-09-29,pasadena,Pasadena Community College,0.0,18.12,0.0,0.2728
2026-09-29,psu,Pennsylvania State University,0.0,25.41,0.0,0.3825
2026-09-29,redwoods,College of the Redwoods,0.0,0.03,0.0,0.0005
2026-09-29,riohondo,Rio Hondo Community College,0.0,0.03,0.0,0.0005
2026-09-29,saddleback,SaddleBack Community College,0.0,3.56,0.0,0.0535
2026-09-29,santiago,Santiago Canyon College,0.0,3.22,0.0,0.0485
2026-09-29,sbcc,Santa Barbara City College,0.0,4.9,0.0,0.0737
2026-09-29,shasta,Shasta College,0.0,4.56,0.0,0.0687
2026-09-29,sierra,Sierra Community College,0.0,4.32,0.0,0.065
2026-09-29,skyline,Skyline Community College,0.0,15.87,0.0,0.2389
2026-09-29,smc,Santa Monica College,0.0,3.49,0.0,0.0525
2026-09-29,sou,Southern Oregon University,0.0,3.76,0.0,0.0566
2026-09-29,spelman,Spelman College,0.0,20.17,0.0,0.3036
2026-09-29,srjc,Santa Rosa Junior College,0.0,34.8,0.0,0.5238
2026-09-29,tntech,Tennessee Technological University,0.0,12.08,0.0,0.1818
2026-09-29,tuskegee,Tuskegee University,0.0,0.02,0.0,0.0003
2026-09-29,uams,University of Arkansas for Medical Sciences,0.0,4.65,0.0,0.07
2026-09-29,umd,University of Maryland,0.0,7.43,0.0,0.1118
2026-09-29,unc-chapel-hill,University of North Carolina at Chapel Hill,0.0,1287.77,0.0,19.3861
2026-09-29,uwyo,University of Wyoming,0.0,0.36,0.0,0.0054
2026-09-29,virginia,University of Virginia,0.0,0.64,0.0,0.0096
2026-09-29,wcu,Western Carolina University,0.0,0.09,0.0,0.0013
2026-09-29,whitman,Whitman College,0.0,0.27,0.0,0.004
2026-09-29,willamette,Willamette University,0.0,0.04,0.0,0.0007
2026-09-29,york,"York College, CUNY",0.0,64.87,0.0,0.9766
2026-09-30,bcc,Berkeley CC,0.0,47.58,0.0,0.7708
2026-09-30,boise,Boise State University,0.0,19.82,0.0,0.3211
2026-09-30,ccsf,Community College San Francisco,0.0,109.42,0.0,1.7725
2026-09-30,chaffey,Chaffey College,0.0,5.47,0.0,0.0886
2026-09-30,clarku,Clark University,17.42,0.0,14.7006,0.0
2026-09-30,cmu,Carnegie Mellon University,0.0,6.53,0.0,0.1058
2026-09-30,csm,College of San Mateo,0.0,23.82,0.0,0.3859
2026-09-30,elcamino,El Camino Community College,0.0,8.41,0.0,0.1362
2026-09-30,emich,Eastern Michigan University,1.58,0.0,1.3364,0.0
2026-09-30,evc,Evergreen Community College,0.0,23.05,0.0,0.3734
2026-09-30,foothill,Foothill Community College,0.0,18.21,0.0,0.295
2026-09-30,fresno,Fresno Community College,0.0,2.28,0.0,0.037
2026-09-30,glendale,Glendale Community College,0.0,24.67,0.0,0.3997
2026-09-30,gwu,George Washington University,0.0,187.23,0.0,3.033
2026-09-30,humboldt,Cal Poly Humboldt,0.0,40.18,0.0,0.6508
2026-09-30,lacc,Los Angeles Community College,0.0,13.38,0.0,0.2167
2026-09-30,laney,Laney Community College,0.0,7.7,0.0,0.1247
2026-09-30,lbcc,Long Beach Community College,0.0,29.09,0.0,0.4713
2026-09-30,maine,University of Maine,0.0,110.33,0.0,1.7872
2026-09-30,marian,Marian University,0.0,1.25,0.0,0.0203
2026-09-30,miracosta,MiraCosta College,0.0,6.62,0.0,0.1073
2026-09-30,monmouth,Monmouth University,19.0,3.4,16.037,0.0551
2026-09-30,moreno,Moreno Community College,0.0,12.72,0.0,0.206
2026-09-30,norco,Norco Community College,0.0,4.94,0.0,0.0801
2026-09-30,pasadena,Pasadena Community College,0.0,6.81,0.0,0.1103
2026-09-30,psu,Pennsylvania State University,0.0,8.1,0.0,0.1312
2026-09-30,saddleback,SaddleBack Community College,0.0,3.83,0.0,0.062
2026-09-30,santiago,Santiago Canyon College,0.0,0.34,0.0,0.0054
2026-09-30,sbcc,Santa Barbara City College,0.0,7.56,0.0,0.1225
2026-09-30,shasta,Shasta College,0.0,1.97,0.0,0.0319
2026-09-30,sierra,Sierra Community College,0.0,6.93,0.0,0.1123
2026-09-30,skyline,Skyline Community College,0.0,17.72,0.0,0.287
2026-09-30,smc,Santa Monica College,0.0,8.9,0.0,0.1442
2026-09-30,sou,Southern Oregon University,0.0,4.56,0.0,0.0739
2026-09-30,spelman,Spelman College,0.0,20.97,0.0,0.3397
2026-09-30,srjc,Santa Rosa Junior College,0.0,16.24,0.0,0.2631
2026-09-30,tntech,Tennessee Technological University,0.0,3.58,0.0,0.058
2026-09-30,uams,University of Arkansas for Medical Sciences,0.0,18.52,0.0,0.3
2026-09-30,umd,University of Maryland,0.0,1.61,0.0,0.0261
2026-09-30,unc-chapel-hill,University of North Carolina at Chapel Hill,0.0,1781.52,0.0,28.8589
2026-09-30,uta,University of Texas at Arlington,0.0,0.6,0.0,0.0098
2026-09-30,york,"York College, CUNY",4.25,23.98,3.5872,0.3885
2026-10-01,authoring,authoring,0.0,0.04,0.0,0.0007
2026-10-01,bcc,Berkeley CC,0.0,30.1,0.0,0.4715
2026-10-01,bmcc,"Borough of Manhattan Community College, CUNY",0.0,0.04,0.0,0.0007
2026-10-01,boise,Boise State University,0.0,17.49,0.0,0.274
2026-10-01,calpolyslo,"California Polytechnic State University, San Luis Obispo",0.0,0.09,0.0,0.0014
2026-10-01,carrollu,Carroll University,0.0,0.04,0.0,0.0007
2026-10-01,ccsf,Community College San Francisco,0.0,93.92,0.0,1.4713
2026-10-01,chaffey,Chaffey College,0.0,10.0,0.0,0.1566
2026-10-01,chaminade,Chaminade University of Honolulu,0.0,0.02,0.0,0.0004
2026-10-01,clarku,Clark University,34.0,8.5,26.2332,0.1332
2026-10-01,cmu,Carnegie Mellon University,0.75,5.28,0.5787,0.0827
2026-10-01,cra,Computing Research Association,0.0,0.04,0.0,0.0007
2026-10-01,csm,College of San Mateo,0.0,26.47,0.0,0.4147
2026-10-01,csusm,CSU San Marcos,0.0,8.23,0.0,0.129
2026-10-01,deanza,DeAnza College,0.0,0.02,0.0,0.0004
2026-10-01,demo,demo,0.0,0.04,0.0,0.0007
2026-10-01,elac,East LA College,0.0,0.02,0.0,0.0004
2026-10-01,elcamino,El Camino Community College,3.42,154.44,2.6362,2.4193
2026-10-01,emich,Eastern Michigan University,30.42,0.09,23.4685,0.0014
2026-10-01,epcc,El Paso Community College,0.0,0.09,0.0,0.0014
2026-10-01,etsu,East Tennessee State,0.0,0.72,0.0,0.0112
2026-10-01,evc,Evergreen Community College,0.0,17.15,0.0,0.2686
2026-10-01,foothill,Foothill Community College,0.0,18.5,0.0,0.2898
2026-10-01,fresno,Fresno Community College,0.0,0.87,0.0,0.0137
2026-10-01,fullertoncc,Fullerton College,0.0,0.04,0.0,0.0007
2026-10-01,glendale,Glendale Community College,0.0,7.31,0.0,0.1146
2026-10-01,gpu-demo,gpu-demo,1.25,0.09,0.9645,0.0014
2026-10-01,gssm,Governors School of Science and Math,0.0,0.03,0.0,0.0005
2026-10-01,gwu,George Washington University,0.0,80.13,0.0,1.2552
2026-10-01,high,High School,0.0,0.13,0.0,0.0021
2026-10-01,hmc,Harvey Mudd College,0.0,0.04,0.0,0.0007
2026-10-01,howard,Howard University,0.0,0.03,0.0,0.0005
2026-10-01,humboldt,Cal Poly Humboldt,0.0,17.72,0.0,0.2775
2026-10-01,iit,Illinois Institute of Technology,0.0,0.04,0.0,0.0007
2026-10-01,lacc,Los Angeles Community College,0.0,2.62,0.0,0.041
2026-10-01,lahc,lahc,0.0,0.02,0.0,0.0004
2026-10-01,laney,Laney Community College,0.0,14.74,0.0,0.2309
2026-10-01,laspositas,Las Positas College,0.0,0.09,0.0,0.0014
2026-10-01,lavc,LA Valley College,0.0,0.02,0.0,0.0004
2026-10-01,lbcc,Long Beach Community College,0.0,14.13,0.0,0.2213
2026-10-01,maine,University of Maine,0.0,232.73,0.0,3.6458
2026-10-01,marian,Marian University,0.0,0.09,0.0,0.0014
2026-10-01,mendocino,Mendocino College,0.0,0.02,0.0,0.0004
2026-10-01,merced,Merced College,0.0,0.03,0.0,0.0005
2026-10-01,merritt,Merritt College,0.0,0.03,0.0,0.0005
2026-10-01,miracosta,MiraCosta College,0.0,1.79,0.0,0.028
2026-10-01,mission,Mission College,0.0,0.03,0.0,0.0005
2026-10-01,mmc,Meharry Medical College,0.0,0.04,0.0,0.0007
2026-10-01,monmouth,Monmouth University,6.92,21.39,5.3367,0.335
2026-10-01,moreno,Moreno Community College,0.0,15.57,0.0,0.2439
2026-10-01,mtu,Michigan Technological University,0.0,0.31,0.0,0.0049
2026-10-01,norco,Norco Community College,0.0,2.57,0.0,0.0403
2026-10-01,nova,Nova SouthEastern University,0.0,8.59,0.0,0.1346
2026-10-01,orangecoast,Orange Coast College,0.0,0.18,0.0,0.0028
2026-10-01,ornl,Oak Ridge National Laboratory,0.0,0.18,0.0,0.0028
2026-10-01,pasadena,Pasadena Community College,0.0,14.16,0.0,0.2218
2026-10-01,psu,Pennsylvania State University,0.0,38.79,0.0,0.6076
2026-10-01,redwoods,College of the Redwoods,0.0,0.07,0.0,0.0011
2026-10-01,saddleback,SaddleBack Community College,0.0,2.15,0.0,0.0336
2026-10-01,santiago,Santiago Canyon College,0.0,1.28,0.0,0.02
2026-10-01,sbcc,Santa Barbara City College,0.0,5.32,0.0,0.0834
2026-10-01,sierra,Sierra Community College,0.0,4.29,0.0,0.0673
2026-10-01,skyline,Skyline Community College,0.0,2.92,0.0,0.0457
2026-10-01,smc,Santa Monica College,0.0,10.65,0.0,0.1668
2026-10-01,spelman,Spelman College,0.0,6.68,0.0,0.1046
2026-10-01,srjc,Santa Rosa Junior College,0.0,21.58,0.0,0.338
2026-10-01,tntech,Tennessee Technological University,0.0,4.92,0.0,0.0771
2026-10-01,uams,University of Arkansas for Medical Sciences,0.0,7.34,0.0,0.1149
2026-10-01,umd,University of Maryland,0.0,0.18,0.0,0.0028
2026-10-01,unc-chapel-hill,University of North Carolina at Chapel Hill,0.0,1240.71,0.0,19.4361
2026-10-01,uta,University of Texas at Arlington,0.0,0.54,0.0,0.0084
2026-10-01,uwyo,University of Wyoming,0.0,0.18,0.0,0.0028
2026-10-01,virginia,University of Virginia,0.0,0.97,0.0,0.0152
2026-10-01,wcu,Western Carolina University,0.0,0.09,0.0,0.0014
2026-10-01,whitman,Whitman College,0.0,0.18,0.0,0.0028
2026-10-01,york,"York College, CUNY",0.0,77.31,0.0,1.2111
2026-10-02,bcc,Berkeley CC,0.0,58.55,0.0,1.1647
2026-10-02,boise,Boise State University,0.0,5.55,0.0,0.1104
2026-10-02,ccsf,Community College San Francisco,0.0,83.01,0.0,1.6513
2026-10-02,chaffey,Chaffey College,0.0,6.27,0.0,0.1248
2026-10-02,clarku,Clark University,41.17,0.0,30.0594,0.0
2026-10-02,cmu,Carnegie Mellon University,0.0,6.08,0.0,0.121
2026-10-02,csm,College of San Mateo,0.0,9.83,0.0,0.1956
2026-10-02,csusm,CSU San Marcos,0.0,18.61,0.0,0.3702
2026-10-02,elcamino,El Camino Community College,4.92,40.71,3.5901,0.8099
2026-10-02,emich,Eastern Michigan University,7.92,0.0,5.7806,0.0
2026-10-02,evc,Evergreen Community College,0.0,33.02,0.0,0.6568
2026-10-02,foothill,Foothill Community College,0.0,37.45,0.0,0.7449
2026-10-02,fresno,Fresno Community College,0.0,1.1,0.0,0.0218
2026-10-02,glendale,Glendale Community College,0.0,0.54,0.0,0.0107
2026-10-02,gwu,George Washington University,0.0,32.68,0.0,0.6501
2026-10-02,humboldt,Cal Poly Humboldt,0.0,36.51,0.0,0.7262
2026-10-02,lacc,Los Angeles Community College,0.0,2.01,0.0,0.04
2026-10-02,laney,Laney Community College,0.0,16.58,0.0,0.3297
2026-10-02,lbcc,Long Beach Community College,0.0,12.55,0.0,0.2496
2026-10-02,maine,University of Maine,0.0,324.0,0.0,6.445
2026-10-02,miracosta,MiraCosta College,0.0,8.81,0.0,0.1753
2026-10-02,mission,Mission College,0.0,1.04,0.0,0.0207
2026-10-02,moreno,Moreno Community College,0.0,12.72,0.0,0.253
2026-10-02,norco,Norco Community College,0.0,6.17,0.0,0.1228
2026-10-02,nova,Nova SouthEastern University,0.0,11.45,0.0,0.2278
2026-10-02,pasadena,Pasadena Community College,0.0,17.58,0.0,0.3497
2026-10-02,psu,Pennsylvania State University,0.0,6.8,0.0,0.1353
2026-10-02,saddleback,SaddleBack Community College,0.0,16.88,0.0,0.3357
2026-10-02,santiago,Santiago Canyon College,0.0,0.74,0.0,0.0147
2026-10-02,sbcc,Santa Barbara City College,0.0,3.22,0.0,0.0641
2026-10-02,sierra,Sierra Community College,0.0,2.55,0.0,0.0507
2026-10-02,skyline,Skyline Community College,0.0,2.99,0.0,0.0594
2026-10-02,smc,Santa Monica College,0.0,14.85,0.0,0.2955
2026-10-02,sou,Southern Oregon University,0.0,10.29,0.0,0.2047
2026-10-02,spelman,Spelman College,0.0,2.99,0.0,0.0594
2026-10-02,srjc,Santa Rosa Junior College,0.0,10.37,0.0,0.2062
2026-10-02,umd,University of Maryland,0.0,9.48,0.0,0.1887
2026-10-02,unc-chapel-hill,University of North Carolina at Chapel Hill,0.0,1883.16,0.0,37.4597
2026-10-02,uta,University of Texas at Arlington,0.0,0.97,0.0,0.0194
2026-10-02,york,"York College, CUNY",0.0,4.21,0.0,0.0837
2026-10-03,bcc,Berkeley CC,0.0,15.47,0.0,0.3469
2026-10-03,boise,Boise State University,0.0,6.58,0.0,0.1475
2026-10-03,ccsf,Community College San Francisco,0.0,28.66,0.0,0.6427
2026-10-03,chaffey,Chaffey College,0.0,3.76,0.0,0.0843
2026-10-03,clarku,Clark University,14.33,0.0,9.1045,0.0
2026-10-03,cmu,Carnegie Mellon University,0.0,5.01,0.0,0.1124
2026-10-03,csm,College of San Mateo,0.0,6.38,0.0,0.143
2026-10-03,elcamino,El Camino Community College,0.0,16.29,0.0,0.3652
2026-10-03,emich,Eastern Michigan University,3.17,0.0,2.0115,0.0
2026-10-03,evc,Evergreen Community College,0.0,52.81,0.0,1.1845
2026-10-03,foothill,Foothill Community College,0.0,15.99,0.0,0.3587
2026-10-03,fresno,Fresno Community College,0.0,4.52,0.0,0.1013
2026-10-03,glendale,Glendale Community College,0.0,3.56,0.0,0.0798
2026-10-03,gwu,George Washington University,0.0,7.11,0.0,0.1595
2026-10-03,humboldt,Cal Poly Humboldt,0.0,21.21,0.0,0.4756
2026-10-03,lacc,Los Angeles Community College,0.0,1.99,0.0,0.0447
2026-10-03,laney,Laney Community College,0.0,6.91,0.0,0.155
2026-10-03,lbcc,Long Beach Community College,0.0,12.18,0.0,0.2732
2026-10-03,maine,University of Maine,0.0,26.31,0.0,0.59
2026-10-03,miracosta,MiraCosta College,0.0,6.62,0.0,0.1485
2026-10-03,monmouth,Monmouth University,10.0,0.0,6.352,0.0
2026-10-03,moreno,Moreno Community College,0.0,17.45,0.0,0.3913
2026-10-03,norco,Norco Community College,0.0,9.75,0.0,0.2187
2026-10-03,nova,Nova SouthEastern University,0.0,2.06,0.0,0.0462
2026-10-03,pasadena,Pasadena Community College,0.0,23.19,0.0,0.52
2026-10-03,psu,Pennsylvania State University,0.0,4.83,0.0,0.1084
2026-10-03,saddleback,SaddleBack Community College,0.0,19.33,0.0,0.4335
2026-10-03,santiago,Santiago Canyon College,0.0,0.37,0.0,0.0083
2026-10-03,sierra,Sierra Community College,0.0,2.86,0.0,0.0642
2026-10-03,skyline,Skyline Community College,0.0,1.95,0.0,0.0436
2026-10-03,smc,Santa Monica College,0.0,28.45,0.0,0.6382
2026-10-03,sou,Southern Oregon University,0.0,19.06,0.0,0.4275
2026-10-03,spelman,Spelman College,0.0,2.65,0.0,0.0595
2026-10-03,srjc,Santa Rosa Junior College,0.0,7.65,0.0,0.1716
2026-10-03,tntech,Tennessee Technological University,0.0,16.37,0.0,0.3672
2026-10-03,uams,University of Arkansas for Medical Sciences,0.0,4.21,0.0,0.0943
2026-10-03,unc-chapel-hill,University of North Carolina at Chapel Hill,0.0,315.14,0.0,7.068
2026-10-03,york,"York College, CUNY",0.0,16.2,0.0,0.3632
2026-10-04,authoring,authoring,0.0,0.04,0.0,0.0008
2026-10-04,bcc,Berkeley CC,0.0,9.56,0.0,0.1654
2026-10-04,berea,Berea College,0.0,0.04,0.0,0.0008
2026-10-04,bmcc,"Borough of Manhattan Community College, CUNY",0.0,0.04,0.0,0.0008
2026-10-04,boise,Boise State University,0.0,19.69,0.0,0.3404
2026-10-04,calpolyslo,"California Polytechnic State University, San Luis Obispo",0.0,0.09,0.0,0.0015
2026-10-04,carrollu,Carroll University,0.0,0.04,0.0,0.0008
2026-10-04,cau,Clarke Atlanta University,0.0,1.79,0.0,0.0309
2026-10-04,ccsf,Community College San Francisco,0.0,44.83,0.0,0.7752
2026-10-04,chabot,Chabot CC,0.0,0.02,0.0,0.0004
2026-10-04,chaffey,Chaffey College,0.0,6.01,0.0,0.1039
2026-10-04,chaminade,Chaminade University of Honolulu,0.0,0.02,0.0,0.0004
2026-10-04,chicagostate,Chicago State University,0.0,0.04,0.0,0.0008
2026-10-04,clarku,Clark University,16.25,0.09,6.9627,0.0015
2026-10-04,cloud-county,Cloud County Community College,0.0,0.04,0.0,0.0008
2026-10-04,cmu,Carnegie Mellon University,12.75,7.25,5.4631,0.1253
2026-10-04,cra,Computing Research Association,0.0,0.04,0.0,0.0008
2026-10-04,csm,College of San Mateo,0.0,3.99,0.0,0.069
2026-10-04,csusm,CSU San Marcos,0.0,0.09,0.0,0.0015
2026-10-04,demo,demo,0.0,0.04,0.0,0.0008
2026-10-04,elac,East LA College,0.0,0.02,0.0,0.0004
2026-10-04,elcamino,El Camino Community College,0.0,32.21,0.0,0.557
2026-10-04,emich,Eastern Michigan University,12.08,0.09,5.1774,0.0015
2026-10-04,epcc,El Paso Community College,0.0,0.09,0.0,0.0015
2026-10-04,etsu,East Tennessee State,0.0,0.36,0.0,0.0062
2026-10-04,evc,Evergreen Community College,0.0,61.1,0.0,1.0566
2026-10-04,fgcu,Florida Gulf Coast University,0.0,0.09,0.0,0.0015
2026-10-04,foothill,Foothill Community College,0.0,29.89,0.0,0.5168
2026-10-04,fresno,Fresno Community College,0.0,2.44,0.0,0.0422
2026-10-04,fullertoncc,Fullerton College,0.0,0.04,0.0,0.0008
2026-10-04,glendale,Glendale Community College,0.0,7.56,0.0,0.1307
2026-10-04,golden,Golden West College,0.0,0.1,0.0,0.0017
2026-10-04,gpu-demo,gpu-demo,0.0,0.09,0.0,0.0015
2026-10-04,gssm,Governors School of Science and Math,0.0,0.03,0.0,0.0006
2026-10-04,gwu,George Washington University,0.0,12.42,0.0,0.2147
2026-10-04,high,High School,0.0,0.13,0.0,0.0023
2026-10-04,howard,Howard University,0.0,0.03,0.0,0.0006
2026-10-04,humboldt,Cal Poly Humboldt,0.0,52.52,0.0,0.9083
2026-10-04,iit,Illinois Institute of Technology,0.0,0.04,0.0,0.0008
2026-10-04,ivytech,Ivy Tech Community College of Indiana,0.0,0.04,0.0,0.0008
2026-10-04,kean,Kean University,0.0,0.04,0.0,0.0008
2026-10-04,lacc,Los Angeles Community College,0.0,2.66,0.0,0.046
2026-10-04,lahc,lahc,0.0,0.02,0.0,0.0004
2026-10-04,laney,Laney Community College,0.0,3.8,0.0,0.0658
2026-10-04,laspositas,Las Positas College,0.0,0.09,0.0,0.0015
2026-10-04,lavc,LA Valley College,0.0,0.04,0.0,0.0008
2026-10-04,lbcc,Long Beach Community College,0.0,8.96,0.0,0.1549
2026-10-04,maine,University of Maine,0.0,5.37,0.0,0.0928
2026-10-04,marian,Marian University,0.0,0.09,0.0,0.0015
2026-10-04,mendocino,Mendocino College,0.0,0.02,0.0,0.0004
2026-10-04,merritt,Merritt College,0.0,0.03,0.0,0.0006
2026-10-04,miracosta,MiraCosta College,0.0,0.83,0.0,0.0143
2026-10-04,mission,Mission College,0.0,0.03,0.0,0.0006
2026-10-04,mmc,Meharry Medical College,0.0,0.04,0.0,0.0008
2026-10-04,monmouth,Monmouth University,0.0,7.78,0.0,0.1346
2026-10-04,moreno,Moreno Community College,0.0,28.89,0.0,0.4996
2026-10-04,mtu,Michigan Technological University,0.0,0.02,0.0,0.0004
2026-10-04,nicc,Northeast Iowa Community College,0.0,0.04,0.0,0.0008
2026-10-04,norco,Norco Community College,0.0,13.35,0.0,0.2309
2026-10-04,nova,Nova SouthEastern University,0.0,34.0,0.0,0.588
2026-10-04,orangecoast,Orange Coast College,0.0,0.04,0.0,0.0008
2026-10-04,palomar,Palomar Community College,0.0,0.02,0.0,0.0004
2026-10-04,pasadena,Pasadena Community College,0.0,49.56,0.0,0.857
2026-10-04,psu,Pennsylvania State University,0.0,1.03,0.0,0.0178
2026-10-04,redwoods,College of the Redwoods,0.0,0.07,0.0,0.0012
2026-10-04,reedley,Reedley Community College,0.0,0.07,0.0,0.0012
2026-10-04,saddleback,SaddleBack Community College,0.0,27.85,0.0,0.4816
2026-10-04,santiago,Santiago Canyon College,0.0,4.06,0.0,0.0702
2026-10-04,sbcc,Santa Barbara City College,0.0,3.8,0.0,0.0658
2026-10-04,shasta,Shasta College,0.0,0.04,0.0,0.0008
2026-10-04,sierra,Sierra Community College,0.0,5.46,0.0,0.0944
2026-10-04,sjcc,San Jose Community College,0.0,0.02,0.0,0.0004
2026-10-04,skyline,Skyline Community College,0.0,1.85,0.0,0.0319
2026-10-04,smc,Santa Monica College,0.0,11.05,0.0,0.1911
2026-10-04,sou,Southern Oregon University,4.08,13.33,1.7496,0.2306
2026-10-04,spelman,Spelman College,0.0,2.92,0.0,0.0505
2026-10-04,srjc,Santa Rosa Junior College,0.0,7.18,0.0,0.1242
2026-10-04,staging,staging,0.0,0.03,0.0,0.0006
2026-10-04,tiffin,Tiffin University,0.0,0.04,0.0,0.0008
2026-10-04,tntech,Tennessee Technological University,0.0,0.09,0.0,0.0015
2026-10-04,toledo,University of Toledo,0.0,0.18,0.0,0.0031
2026-10-04,umd,University of Maryland,0.0,0.27,0.0,0.0046
2026-10-04,unc-chapel-hill,University of North Carolina at Chapel Hill,0.0,613.46,0.0,10.6085
2026-10-04,uncw,University of North Carolina at Wilmington,0.0,0.13,0.0,0.0023
2026-10-04,uta,University of Texas at Arlington,0.0,0.1,0.0,0.0017
2026-10-04,uwyo,University of Wyoming,0.0,0.72,0.0,0.0124
2026-10-04,weber,Weber State University,0.0,0.04,0.0,0.0008
2026-10-04,whitman,Whitman College,0.0,0.09,0.0,0.0015
2026-10-04,willamette,Willamette University,0.0,0.13,0.0,0.0023
2026-10-04,wlac,West LA College,0.0,0.02,0.0,0.0004
2026-10-04,york,"York College, CUNY",0.0,17.27,0.0,0.2986
2026-10-05,authoring,authoring,0.0,0.04,0.0,0.0008
2026-10-05,bcc,Berkeley CC,0.0,47.71,0.0,0.8998
2026-10-05,bmcc,"Borough of Manhattan Community College, CUNY",0.0,0.04,0.0,0.0008
2026-10-05,boise,Boise State University,0.0,29.13,0.0,0.5492
2026-10-05,calpolyslo,"California Polytechnic State University, San Luis Obispo",0.0,0.09,0.0,0.0017
2026-10-05,carrollu,Carroll University,0.0,0.04,0.0,0.0008
2026-10-05,cau,Clarke Atlanta University,0.0,0.36,0.0,0.0067
2026-10-05,ccsf,Community College San Francisco,0.0,77.85,0.0,1.468
2026-10-05,chabot,Chabot CC,0.0,0.02,0.0,0.0004
2026-10-05,chaffey,Chaffey College,0.0,16.24,0.0,0.3063
2026-10-05,chaminade,Chaminade University of Honolulu,0.0,0.02,0.0,0.0004
2026-10-05,chicagostate,Chicago State University,0.0,0.04,0.0,0.0008
2026-10-05,clarku,Clark University,14.5,0.09,11.5269,0.0017
2026-10-05,cloud-county,Cloud County Community College,0.0,0.04,0.0,0.0008
2026-10-05,cmu,Carnegie Mellon University,2.83,20.31,2.2524,0.383
2026-10-05,cra,Computing Research Association,0.0,0.04,0.0,0.0008
2026-10-05,csm,College of San Mateo,0.0,8.59,0.0,0.162
2026-10-05,csusm,CSU San Marcos,0.0,0.09,0.0,0.0017
2026-10-05,deanza,DeAnza College,0.0,0.02,0.0,0.0004
2026-10-05,demo,demo,0.0,0.04,0.0,0.0008
2026-10-05,elac,East LA College,0.0,0.02,0.0,0.0004
2026-10-05,elcamino,El Camino Community College,1.17,56.01,0.9275,1.0563
2026-10-05,emich,Eastern Michigan University,49.58,0.09,39.4168,0.0017
2026-10-05,epcc,El Paso Community College,0.0,0.09,0.0,0.0017
2026-10-05,etsu,East Tennessee State,0.0,0.36,0.0,0.0067
2026-10-05,evc,Evergreen Community College,0.0,14.7,0.0,0.2772
2026-10-05,fgcu,Florida Gulf Coast University,0.0,8.59,0.0,0.162
2026-10-05,foothill,Foothill Community College,0.0,50.24,0.0,0.9475
2026-10-05,fresno,Fresno Community College,0.0,3.96,0.0,0.0747
2026-10-05,glendale,Glendale Community College,0.0,18.03,0.0,0.34
2026-10-05,golden,Golden West College,0.0,0.03,0.0,0.0006
2026-10-05,gpu-demo,gpu-demo,0.0,0.09,0.0,0.0017
2026-10-05,gssm,Governors School of Science and Math,0.0,0.03,0.0,0.0006
2026-10-05,gwu,George Washington University,0.0,43.89,0.0,0.8277
2026-10-05,hmc,Harvey Mudd College,0.0,0.04,0.0,0.0008
2026-10-05,humboldt,Cal Poly Humboldt,0.0,84.56,0.0,1.5946
2026-10-05,iit,Illinois Institute of Technology,0.0,0.04,0.0,0.0008
2026-10-05,iub,Indiana University Bloomington,0.0,0.02,0.0,0.0004
2026-10-05,lacc,Los Angeles Community College,0.0,10.83,0.0,0.2042
2026-10-05,lahc,lahc,0.0,0.02,0.0,0.0004
2026-10-05,laney,Laney Community College,0.0,3.67,0.0,0.0692
2026-10-05,lavc,LA Valley College,0.0,0.02,0.0,0.0004
2026-10-05,lbcc,Long Beach Community College,0.0,17.21,0.0,0.3246
2026-10-05,maine,University of Maine,0.0,23.89,0.0,0.4505
2026-10-05,marian,Marian University,0.0,0.09,0.0,0.0017
2026-10-05,merced,Merced College,0.0,0.03,0.0,0.0006
2026-10-05,merritt,Merritt College,0.0,0.03,0.0,0.0006
2026-10-05,miracosta,MiraCosta College,0.0,5.46,0.0,0.1029
2026-10-05,mission,Mission College,0.0,0.03,0.0,0.0006
2026-10-05,monmouth,Monmouth University,6.5,0.0,5.1672,0.0
2026-10-05,moreno,Moreno Community College,0.0,18.05,0.0,0.3404
2026-10-05,mtu,Michigan Technological University,0.0,0.02,0.0,0.0004
2026-10-05,nicc,Northeast Iowa Community College,0.0,0.04,0.0,0.0008
2026-10-05,norco,Norco Community College,0.0,4.45,0.0,0.0839
2026-10-05,nova,Nova SouthEastern University,0.0,15.57,0.0,0.2936
2026-10-05,ocu,Oakland City University,0.0,0.04,0.0,0.0008
2026-10-05,pasadena,Pasadena Community College,0.0,18.22,0.0,0.3436
2026-10-05,psu,Pennsylvania State University,0.0,7.25,0.0,0.1367
2026-10-05,saddleback,SaddleBack Community College,0.0,7.11,0.0,0.1341
2026-10-05,santiago,Santiago Canyon College,0.0,6.31,0.0,0.119
2026-10-05,sbcc,Santa Barbara City College,0.0,18.72,0.0,0.3531
2026-10-05,sierra,Sierra Community College,0.0,7.29,0.0,0.1375
2026-10-05,skyline,Skyline Community College,0.0,7.99,0.0,0.1506
2026-10-05,smc,Santa Monica College,0.0,0.04,0.0,0.0008
2026-10-05,sou,Southern Oregon University,0.0,0.09,0.0,0.0017
2026-10-05,spelman,Spelman College,0.0,9.73,0.0,0.1835
2026-10-05,srjc,Santa Rosa Junior College,0.0,12.25,0.0,0.231
2026-10-05,staging,staging,0.0,0.03,0.0,0.0006
2026-10-05,tntech,Tennessee Technological University,0.0,10.65,0.0,0.2008
2026-10-05,toledo,University of Toledo,0.0,0.04,0.0,0.0008
2026-10-05,uams,University of Arkansas for Medical Sciences,0.0,16.73,0.0,0.3155
2026-10-05,umd,University of Maryland,0.0,0.09,0.0,0.0017
2026-10-05,unc-chapel-hill,University of North Carolina at Chapel Hill,0.0,1641.57,0.0,30.9565
2026-10-05,uta,University of Texas at Arlington,0.0,0.03,0.0,0.0006
2026-10-05,weber,Weber State University,0.0,0.04,0.0,0.0008
2026-10-05,york,"York College, CUNY",0.0,8.5,0.0,0.1603
2026-10-06,bcc,Berkeley CC,0.0,16.34,0.0,0.2455
2026-10-06,boise,Boise State University,0.0,13.47,0.0,0.2023
2026-10-06,calpolyslo,"California Polytechnic State University, San Luis Obispo",0.0,0.18,0.0,0.0027
2026-10-06,cau,Clarke Atlanta University,0.0,0.72,0.0,0.0108
2026-10-06,ccsf,Community College San Francisco,0.0,113.98,0.0,1.7127
2026-10-06,chaffey,Chaffey College,0.0,5.7,0.0,0.0857
2026-10-06,clarku,Clark University,23.0,0.0,14.2329,0.0
2026-10-06,cmu,Carnegie Mellon University,8.08,5.01,5.0021,0.0753
2026-10-06,csm,College of San Mateo,0.0,14.19,0.0,0.2133
2026-10-06,csusm,CSU San Marcos,0.0,7.07,0.0,0.1062
2026-10-06,elcamino,El Camino Community College,0.0,130.19,0.0,1.9562
2026-10-06,emich,Eastern Michigan University,88.83,0.18,54.9719,0.0027
2026-10-06,epcc,El Paso Community College,0.0,0.18,0.0,0.0027
2026-10-06,etsu,East Tennessee State,0.0,0.18,0.0,0.0027
2026-10-06,evc,Evergreen Community College,0.0,16.11,0.0,0.242
2026-10-06,foothill,Foothill Community College,0.0,47.49,0.0,0.7136
2026-10-06,fresno,Fresno Community College,0.0,7.81,0.0,0.1173
2026-10-06,glendale,Glendale Community College,0.0,13.33,0.0,0.2003
2026-10-06,gpu-demo,gpu-demo,0.0,6.53,0.0,0.0981
2026-10-06,gwu,George Washington University,0.0,49.49,0.0,0.7437
2026-10-06,humboldt,Cal Poly Humboldt,0.0,41.43,0.0,0.6225
2026-10-06,lacc,Los Angeles Community College,0.0,5.82,0.0,0.0874
2026-10-06,laney,Laney Community College,0.0,13.89,0.0,0.2087
2026-10-06,lbcc,Long Beach Community College,0.0,13.46,0.0,0.2022
2026-10-06,maine,University of Maine,0.0,81.34,0.0,1.2222
2026-10-06,monmouth,Monmouth University,10.92,0.0,6.7555,0.0
2026-10-06,moreno,Moreno Community College,0.0,10.87,0.0,0.1634
2026-10-06,norco,Norco Community College,0.0,4.54,0.0,0.0682
2026-10-06,nova,Nova SouthEastern University,0.0,26.22,0.0,0.3939
2026-10-06,oit,Oregon Institute of Technology,0.0,0.18,0.0,0.0027
2026-10-06,pasadena,Pasadena Community College,0.0,17.01,0.0,0.2556
2026-10-06,psu,Pennsylvania State University,0.0,13.96,0.0,0.2097
2026-10-06,santiago,Santiago Canyon College,0.0,6.95,0.0,0.1044
2026-10-06,sbcc,Santa Barbara City College,0.0,9.1,0.0,0.1368
2026-10-06,sierra,Sierra Community College,0.0,2.73,0.0,0.041
2026-10-06,skyline,Skyline Community College,0.0,1.58,0.0,0.0237
2026-10-06,smc,Santa Monica College,0.0,2.15,0.0,0.0323
2026-10-06,spelman,Spelman College,0.0,28.12,0.0,0.4225
2026-10-06,srjc,Santa Rosa Junior College,0.0,22.88,0.0,0.3439
2026-10-06,uams,University of Arkansas for Medical Sciences,0.0,1.43,0.0,0.0215
2026-10-06,umd,University of Maryland,0.0,0.18,0.0,0.0027
2026-10-06,unc-chapel-hill,University of North Carolina at Chapel Hill,0.0,952.05,0.0,14.3055
2026-10-06,uta,University of Texas at Arlington,0.0,3.19,0.0,0.0479
2026-10-06,uwyo,University of Wyoming,0.0,0.18,0.0,0.0027
2026-10-06,whitman,Whitman College,0.0,0.09,0.0,0.0013
2026-10-06,willamette,Willamette University,0.0,0.09,0.0,0.0013
2026-10-06,york,"York College, CUNY",0.0,49.21,0.0,0.7395
2026-10-07,bcc,Berkeley CC,0.0,48.15,0.0,0.7974
2026-10-07,boise,Boise State University,0.0,23.76,0.0,0.3934
2026-10-07,ccsf,Community College San Francisco,0.0,104.86,0.0,1.7365
2026-10-07,chaffey,Chaffey College,0.0,9.03,0.0,0.1495
2026-10-07,clarku,Clark University,15.25,0.0,11.608,0.0
2026-10-07,cmu,Carnegie Mellon University,6.83,0.0,5.2014,0.0
2026-10-07,csm,College of San Mateo,0.0,35.53,0.0,0.5885
2026-10-07,elcamino,El Camino Community College,0.0,29.8,0.0,0.4934
2026-10-07,emich,Eastern Michigan University,33.92,2.51,25.8166,0.0415
2026-10-07,evc,Evergreen Community College,0.0,14.76,0.0,0.2445
2026-10-07,foothill,Foothill Community College,0.0,33.42,0.0,0.5535
2026-10-07,fresno,Fresno Community College,0.0,3.31,0.0,0.0548
2026-10-07,glendale,Glendale Community College,0.0,7.34,0.0,0.1215
2026-10-07,gpu-demo,gpu-demo,0.0,24.25,0.0,0.4016
2026-10-07,gwu,George Washington University,0.0,50.63,0.0,0.8385
2026-10-07,humboldt,Cal Poly Humboldt,0.0,53.33,0.0,0.8832
2026-10-07,lacc,Los Angeles Community College,0.0,8.97,0.0,0.1486
2026-10-07,laney,Laney Community College,0.0,9.48,0.0,0.1571
2026-10-07,lbcc,Long Beach Community College,0.0,27.68,0.0,0.4584
2026-10-07,maine,University of Maine,0.0,123.21,0.0,2.0405
2026-10-07,miracosta,MiraCosta College,0.0,7.38,0.0,0.1222
2026-10-07,monmouth,Monmouth University,18.67,0.63,14.2087,0.0104
2026-10-07,moreno,Moreno Community College,0.0,16.91,0.0,0.2801
2026-10-07,norco,Norco Community College,0.0,7.09,0.0,0.1174
2026-10-07,nova,Nova SouthEastern University,0.0,26.13,0.0,0.4327
2026-10-07,pasadena,Pasadena Community College,0.0,5.2,0.0,0.0861
2026-10-07,psu,Pennsylvania State University,0.0,0.58,0.0,0.0096
2026-10-07,saddleback,SaddleBack Community College,0.0,0.67,0.0,0.0111
2026-10-07,santiago,Santiago Canyon College,0.0,3.02,0.0,0.05
2026-10-07,sbcc,Santa Barbara City College,0.0,8.68,0.0,0.1437
2026-10-07,sierra,Sierra Community College,0.0,10.54,0.0,0.1745
2026-10-07,skyline,Skyline Community College,0.0,5.44,0.0,0.09
2026-10-07,smc,Santa Monica College,0.0,2.01,0.0,0.0333
2026-10-07,sou,Southern Oregon University,1.42,9.04,1.0783,0.1497
2026-10-07,spelman,Spelman College,0.0,11.27,0.0,0.1867
2026-10-07,srjc,Santa Rosa Junior College,0.0,13.96,0.0,0.2312
2026-10-07,tntech,Tennessee Technological University,0.0,2.59,0.0,0.043
2026-10-07,uams,University of Arkansas for Medical Sciences,0.0,21.21,0.0,0.3512
2026-10-07,unc-chapel-hill,University of North Carolina at Chapel Hill,0.0,1606.5,0.0,26.6044
2026-10-07,uta,University of Texas at Arlington,0.0,1.51,0.0,0.025
2026-10-08,bcc,Berkeley CC,0.0,22.05,0.0,0.33
2026-10-08,boise,Boise State University,0.0,19.1,0.0,0.2859
2026-10-08,calpolyslo,"California Polytechnic State University, San Luis Obispo",0.0,0.09,0.0,0.0013
2026-10-08,carrollu,Carroll University,0.0,0.04,0.0,0.0007
2026-10-08,cau,Clarke Atlanta University,0.0,0.36,0.0,0.0054
2026-10-08,ccsf,Community College San Francisco,0.0,89.25,0.0,1.3359
2026-10-08,chabot,Chabot CC,0.0,0.02,0.0,0.0003
2026-10-08,chaffey,Chaffey College,0.0,29.19,0.0,0.4369
2026-10-08,chaminade,Chaminade University of Honolulu,0.0,0.02,0.0,0.0003
2026-10-08,clarku,Clark University,12.33,0.0,11.2599,0.0
2026-10-08,cmu,Carnegie Mellon University,5.92,41.25,5.4017,0.6174
2026-10-08,csm,College of San Mateo,0.0,21.68,0.0,0.3244
2026-10-08,csusm,CSU San Marcos,5.25,16.2,4.7931,0.2424
2026-10-08,deanza,DeAnza College,0.0,0.02,0.0,0.0003
2026-10-08,elcamino,El Camino Community College,1.75,189.25,1.5977,2.8325
2026-10-08,emich,Eastern Michigan University,19.25,0.09,17.5745,0.0013
2026-10-08,epcc,El Paso Community College,0.0,0.09,0.0,0.0013
2026-10-08,etsu,East Tennessee State,0.0,0.18,0.0,0.0027
2026-10-08,evc,Evergreen Community College,0.0,14.9,0.0,0.223
2026-10-08,foothill,Foothill Community College,0.0,19.64,0.0,0.294
2026-10-08,fresno,Fresno Community College,0.0,2.55,0.0,0.0382
2026-10-08,georgetown,George University,0.0,0.04,0.0,0.0007
2026-10-08,glendale,Glendale Community College,0.0,3.02,0.0,0.0452
2026-10-08,gpu-demo,gpu-demo,0.0,0.09,0.0,0.0013
2026-10-08,gssm,Governors School of Science and Math,0.0,0.03,0.0,0.0005
2026-10-08,gwu,George Washington University,0.0,29.8,0.0,0.446
2026-10-08,hmc,Harvey Mudd College,0.0,0.09,0.0,0.0013
2026-10-08,humboldt,Cal Poly Humboldt,0.0,24.65,0.0,0.369
2026-10-08,lacc,Los Angeles Community College,0.0,2.48,0.0,0.0372
2026-10-08,laney,Laney Community College,0.0,19.93,0.0,0.2983
2026-10-08,laspositas,Las Positas College,0.0,0.09,0.0,0.0013
2026-10-08,lbcc,Long Beach Community College,0.0,21.07,0.0,0.3154
2026-10-08,maine,University of Maine,0.0,167.77,0.0,2.5111
2026-10-08,miracosta,MiraCosta College,0.0,0.76,0.0,0.0114
2026-10-08,monmouth,Monmouth University,12.58,0.27,11.4881,0.004
2026-10-08,moreno,Moreno Community College,0.0,16.68,0.0,0.2496
2026-10-08,mtu,Michigan Technological University,0.0,0.02,0.0,0.0003
2026-10-08,nicc,Northeast Iowa Community College,0.0,0.04,0.0,0.0007
2026-10-08,norco,Norco Community College,0.0,5.44,0.0,0.0814
2026-10-08,nova,Nova SouthEastern University,0.0,44.56,0.0,0.6669
2026-10-08,orangecoast,Orange Coast College,0.0,0.04,0.0,0.0007
2026-10-08,pasadena,Pasadena Community College,0.0,14.7,0.0,0.22
2026-10-08,psu,Pennsylvania State University,0.0,8.63,0.0,0.1292
2026-10-08,saddleback,SaddleBack Community College,0.0,0.77,0.0,0.0116
2026-10-08,santiago,Santiago Canyon College,0.0,1.41,0.0,0.0211
2026-10-08,sbcc,Santa Barbara City College,0.0,10.8,0.0,0.1617
2026-10-08,sierra,Sierra Community College,0.0,8.05,0.0,0.1205
2026-10-08,skyline,Skyline Community College,0.0,1.31,0.0,0.0196
2026-10-08,sou,Southern Oregon University,0.0,11.45,0.0,0.1714
2026-10-08,spelman,Spelman College,0.0,5.03,0.0,0.0753
2026-10-08,srjc,Santa Rosa Junior College,0.0,24.23,0.0,0.3626
2026-10-08,tntech,Tennessee Technological University,0.0,2.42,0.0,0.0362
2026-10-08,toledo,University of Toledo,0.0,0.04,0.0,0.0007
2026-10-08,umd,University of Maryland,0.0,0.09,0.0,0.0013
2026-10-08,unc-chapel-hill,University of North Carolina at Chapel Hill,0.0,1918.6,0.0,28.7161
2026-10-08,und,University of North Dakota,0.0,0.04,0.0,0.0007
2026-10-08,uta,University of Texas at Arlington,0.0,0.07,0.0,0.001
2026-10-08,virginia,University of Virginia,0.0,0.03,0.0,0.0005
2026-10-08,wcu,Western Carolina University,0.0,0.18,0.0,0.0027
2026-10-08,weber,Weber State University,0.0,0.04,0.0,0.0007
2026-10-08,whitman,Whitman College,0.0,0.09,0.0,0.0013
2026-10-08,wlac,West LA College,0.0,0.04,0.0,0.0007
2026-10-08,york,"York College, CUNY",0.0,44.65,0.0,0.6683
